[
  {
    "id": "1b9f6341-dceb-4420-8aa7-40dcd4313a03",
    "email": "mypc2047.ap@gmail.com",
    "full_name": "my pc",
    "phone_number": null,
    "avatar_url": "https://lh3.googleusercontent.com/a/ACg8ocIEERijgBhGjJN_l40TDWrwMOHWwp2Y5pAqrfBZvLVEO3EARw=s96-c",
    "auth_provider": "google",
    "created_at": "2026-01-07T19:18:09.027Z",
    "updated_at": "2026-01-07T19:18:09.027Z"
  },
  {
    "id": "4563020d-0af3-4c03-982c-c28f45a93c77",
    "email": "testabc@gmail.com",
    "full_name": "test",
    "phone_number": "+23057995625",
    "avatar_url": null,
    "auth_provider": "email",
    "created_at": "2026-01-07T20:04:17.145Z",
    "updated_at": "2026-01-07T20:04:17.145Z"
  }
]