[
  {
    "id": "1",
    "level_number": 1,
    "name": "Level 1",
    "description": null,
    "difficulty": "Beginner",
    "created_at": "2025-11-24T12:43:41.093Z"
  },
  {
    "id": "2",
    "level_number": 2,
    "name": "Level 2",
    "description": null,
    "difficulty": "Intermediate",
    "created_at": "2025-11-24T12:43:41.093Z"
  },
  {
    "id": "3",
    "level_number": 3,
    "name": "Level 3",
    "description": null,
    "difficulty": "Advanced",
    "created_at": "2025-11-24T12:43:41.093Z"
  }
]