[
  {
    "id": "1",
    "subject_id": "1",
    "level_id": "1",
    "question_type_id": "1",
    "question_text": "What is the capital of Mauritius?",
    "timer_seconds": 30,
    "display_title": null,
    "created_at": "2025-11-24T12:44:56.848Z",
    "updated_at": "2025-11-24T12:44:56.848Z",
    "created_by": null,
    "image_url": null
  },
  {
    "id": "2",
    "subject_id": "1",
    "level_id": "1",
    "question_type_id": "1",
    "question_text": "In what year did Mauritius gain independence?",
    "timer_seconds": 30,
    "display_title": null,
    "created_at": "2025-11-24T12:44:56.848Z",
    "updated_at": "2025-11-24T12:44:56.848Z",
    "created_by": null,
    "image_url": null
  },
  {
    "id": "3",
    "subject_id": "1",
    "level_id": "1",
    "question_type_id": "2",
    "question_text": "Match the historical facts",
    "timer_seconds": 40,
    "display_title": null,
    "created_at": "2025-11-24T12:44:56.848Z",
    "updated_at": "2025-11-24T12:44:56.848Z",
    "created_by": null,
    "image_url": null
  },
  {
    "id": "4",
    "subject_id": "1",
    "level_id": "1",
    "question_type_id": "3",
    "question_text": "The Dodo bird was found in ___",
    "timer_seconds": 25,
    "display_title": null,
    "created_at": "2025-11-24T12:44:56.848Z",
    "updated_at": "2025-11-24T12:44:56.848Z",
    "created_by": null,
    "image_url": null
  },
  {
    "id": "5",
    "subject_id": "1",
    "level_id": "1",
    "question_type_id": "4",
    "question_text": "Put in Order",
    "timer_seconds": 45,
    "display_title": null,
    "created_at": "2025-11-24T12:44:56.848Z",
    "updated_at": "2025-11-24T12:44:56.848Z",
    "created_by": null,
    "image_url": null
  },
  {
    "id": "6",
    "subject_id": "1",
    "level_id": "1",
    "question_type_id": "5",
    "question_text": "Mauritius gained independence in 1960",
    "timer_seconds": 20,
    "display_title": null,
    "created_at": "2025-11-24T12:44:56.848Z",
    "updated_at": "2025-11-24T12:44:56.848Z",
    "created_by": null,
    "image_url": null
  },
  {
    "id": "7",
    "subject_id": "1",
    "level_id": "2",
    "question_type_id": "1",
    "question_text": "What traditional dance is famous in Mauritius?",
    "timer_seconds": 30,
    "display_title": null,
    "created_at": "2025-11-24T12:44:56.848Z",
    "updated_at": "2025-11-24T12:44:56.848Z",
    "created_by": null,
    "image_url": null
  },
  {
    "id": "8",
    "subject_id": "1",
    "level_id": "2",
    "question_type_id": "1",
    "question_text": "Which year saw the arrival of the French in Mauritius?",
    "timer_seconds": 30,
    "display_title": null,
    "created_at": "2025-11-24T12:44:56.848Z",
    "updated_at": "2025-11-24T12:44:56.848Z",
    "created_by": null,
    "image_url": null
  },
  {
    "id": "9",
    "subject_id": "1",
    "level_id": "2",
    "question_type_id": "2",
    "question_text": "Match cultural and historical sites",
    "timer_seconds": 40,
    "display_title": null,
    "created_at": "2025-11-24T12:44:56.848Z",
    "updated_at": "2025-11-24T12:44:56.848Z",
    "created_by": null,
    "image_url": null
  },
  {
    "id": "10",
    "subject_id": "1",
    "level_id": "2",
    "question_type_id": "3",
    "question_text": "Le Morne Brabant is a ___ mountain",
    "timer_seconds": 25,
    "display_title": null,
    "created_at": "2025-11-24T12:44:56.848Z",
    "updated_at": "2025-11-24T12:44:56.848Z",
    "created_by": null,
    "image_url": null
  },
  {
    "id": "11",
    "subject_id": "1",
    "level_id": "2",
    "question_type_id": "4",
    "question_text": "Put historical periods in order",
    "timer_seconds": 45,
    "display_title": null,
    "created_at": "2025-11-24T12:44:56.848Z",
    "updated_at": "2025-11-24T12:44:56.848Z",
    "created_by": null,
    "image_url": null
  },
  {
    "id": "12",
    "subject_id": "1",
    "level_id": "2",
    "question_type_id": "5",
    "question_text": "Sugar was never important in Mauritius",
    "timer_seconds": 20,
    "display_title": null,
    "created_at": "2025-11-24T12:44:56.848Z",
    "updated_at": "2025-11-24T12:44:56.848Z",
    "created_by": null,
    "image_url": null
  },
  {
    "id": "13",
    "subject_id": "1",
    "level_id": "3",
    "question_type_id": "1",
    "question_text": "What is the Aapravasi Ghat?",
    "timer_seconds": 35,
    "display_title": null,
    "created_at": "2025-11-24T12:44:56.848Z",
    "updated_at": "2025-11-24T12:44:56.848Z",
    "created_by": null,
    "image_url": null
  },
  {
    "id": "14",
    "subject_id": "1",
    "level_id": "3",
    "question_type_id": "1",
    "question_text": "In what year did the Dutch settle?",
    "timer_seconds": 35,
    "display_title": null,
    "created_at": "2025-11-24T12:44:56.848Z",
    "updated_at": "2025-11-24T12:44:56.848Z",
    "created_by": null,
    "image_url": null
  },
  {
    "id": "15",
    "subject_id": "1",
    "level_id": "3",
    "question_type_id": "2",
    "question_text": "Match advanced historical facts",
    "timer_seconds": 40,
    "display_title": null,
    "created_at": "2025-11-24T12:44:56.848Z",
    "updated_at": "2025-11-24T12:44:56.848Z",
    "created_by": null,
    "image_url": null
  },
  {
    "id": "16",
    "subject_id": "1",
    "level_id": "3",
    "question_type_id": "3",
    "question_text": "The ___ arrived in 1638",
    "timer_seconds": 25,
    "display_title": null,
    "created_at": "2025-11-24T12:44:56.848Z",
    "updated_at": "2025-11-24T12:44:56.848Z",
    "created_by": null,
    "image_url": null
  },
  {
    "id": "17",
    "subject_id": "1",
    "level_id": "3",
    "question_type_id": "4",
    "question_text": "Colonial periods in order",
    "timer_seconds": 45,
    "display_title": null,
    "created_at": "2025-11-24T12:44:56.848Z",
    "updated_at": "2025-11-24T12:44:56.848Z",
    "created_by": null,
    "image_url": null
  },
  {
    "id": "18",
    "subject_id": "1",
    "level_id": "3",
    "question_type_id": "5",
    "question_text": "Mauritius was inhabited before European settlement",
    "timer_seconds": 20,
    "display_title": null,
    "created_at": "2025-11-24T12:44:56.848Z",
    "updated_at": "2025-11-24T12:44:56.848Z",
    "created_by": null,
    "image_url": null
  },
  {
    "id": "19",
    "subject_id": "2",
    "level_id": "1",
    "question_type_id": "1",
    "question_text": "In which ocean is Mauritius located?",
    "timer_seconds": 30,
    "display_title": null,
    "created_at": "2025-11-24T12:44:56.848Z",
    "updated_at": "2025-11-24T12:44:56.848Z",
    "created_by": null,
    "image_url": null
  },
  {
    "id": "20",
    "subject_id": "2",
    "level_id": "1",
    "question_type_id": "1",
    "question_text": "What is the capital of Mauritius?",
    "timer_seconds": 30,
    "display_title": null,
    "created_at": "2025-11-24T12:44:56.848Z",
    "updated_at": "2025-11-24T12:44:56.848Z",
    "created_by": null,
    "image_url": null
  },
  {
    "id": "21",
    "subject_id": "2",
    "level_id": "1",
    "question_type_id": "2",
    "question_text": "Match geography basics",
    "timer_seconds": 40,
    "display_title": null,
    "created_at": "2025-11-24T12:44:56.848Z",
    "updated_at": "2025-11-24T12:44:56.848Z",
    "created_by": null,
    "image_url": null
  },
  {
    "id": "22",
    "subject_id": "2",
    "level_id": "1",
    "question_type_id": "3",
    "question_text": "Mauritius is surrounded by the ___ Ocean",
    "timer_seconds": 25,
    "display_title": null,
    "created_at": "2025-11-24T12:44:56.848Z",
    "updated_at": "2025-11-24T12:44:56.848Z",
    "created_by": null,
    "image_url": null
  },
  {
    "id": "23",
    "subject_id": "2",
    "level_id": "1",
    "question_type_id": "4",
    "question_text": "Geographic hierarchy",
    "timer_seconds": 45,
    "display_title": null,
    "created_at": "2025-11-24T12:44:56.848Z",
    "updated_at": "2025-11-24T12:44:56.848Z",
    "created_by": null,
    "image_url": null
  },
  {
    "id": "24",
    "subject_id": "2",
    "level_id": "1",
    "question_type_id": "5",
    "question_text": "Mauritius is in the Pacific Ocean",
    "timer_seconds": 20,
    "display_title": null,
    "created_at": "2025-11-24T12:44:56.848Z",
    "updated_at": "2025-11-24T12:44:56.848Z",
    "created_by": null,
    "image_url": null
  },
  {
    "id": "25",
    "subject_id": "2",
    "level_id": "2",
    "question_type_id": "1",
    "question_text": "What is the Seven Colored Earth?",
    "timer_seconds": 30,
    "display_title": null,
    "created_at": "2025-11-24T12:44:56.848Z",
    "updated_at": "2025-11-24T12:44:56.848Z",
    "created_by": null,
    "image_url": null
  },
  {
    "id": "26",
    "subject_id": "2",
    "level_id": "2",
    "question_type_id": "1",
    "question_text": "Where is the Seven Colored Earth located?",
    "timer_seconds": 30,
    "display_title": null,
    "created_at": "2025-11-24T12:44:56.848Z",
    "updated_at": "2025-11-24T12:44:56.848Z",
    "created_by": null,
    "image_url": null
  },
  {
    "id": "27",
    "subject_id": "2",
    "level_id": "2",
    "question_type_id": "2",
    "question_text": "Match geographic landmarks",
    "timer_seconds": 40,
    "display_title": null,
    "created_at": "2025-11-24T12:44:56.848Z",
    "updated_at": "2025-11-24T12:44:56.848Z",
    "created_by": null,
    "image_url": null
  },
  {
    "id": "28",
    "subject_id": "2",
    "level_id": "2",
    "question_type_id": "3",
    "question_text": "The Seven Colored Earth is in ___",
    "timer_seconds": 25,
    "display_title": null,
    "created_at": "2025-11-24T12:44:56.848Z",
    "updated_at": "2025-11-24T12:44:56.848Z",
    "created_by": null,
    "image_url": null
  },
  {
    "id": "29",
    "subject_id": "2",
    "level_id": "2",
    "question_type_id": "4",
    "question_text": "Geographic regions",
    "timer_seconds": 45,
    "display_title": null,
    "created_at": "2025-11-24T12:44:56.848Z",
    "updated_at": "2025-11-24T12:44:56.848Z",
    "created_by": null,
    "image_url": null
  },
  {
    "id": "30",
    "subject_id": "2",
    "level_id": "2",
    "question_type_id": "5",
    "question_text": "The Pamplemousses is an ancient temple",
    "timer_seconds": 20,
    "display_title": null,
    "created_at": "2025-11-24T12:44:56.848Z",
    "updated_at": "2025-11-24T12:44:56.848Z",
    "created_by": null,
    "image_url": null
  },
  {
    "id": "31",
    "subject_id": "2",
    "level_id": "3",
    "question_type_id": "1",
    "question_text": "What is the highest mountain?",
    "timer_seconds": 35,
    "display_title": null,
    "created_at": "2025-11-24T12:44:56.848Z",
    "updated_at": "2025-11-24T12:44:56.848Z",
    "created_by": null,
    "image_url": null
  },
  {
    "id": "32",
    "subject_id": "2",
    "level_id": "3",
    "question_type_id": "1",
    "question_text": "Which area has the Central Plateau?",
    "timer_seconds": 35,
    "display_title": null,
    "created_at": "2025-11-24T12:44:56.848Z",
    "updated_at": "2025-11-24T12:44:56.848Z",
    "created_by": null,
    "image_url": null
  },
  {
    "id": "33",
    "subject_id": "2",
    "level_id": "3",
    "question_type_id": "2",
    "question_text": "Match advanced geography",
    "timer_seconds": 40,
    "display_title": null,
    "created_at": "2025-11-24T12:44:56.848Z",
    "updated_at": "2025-11-24T12:44:56.848Z",
    "created_by": null,
    "image_url": null
  },
  {
    "id": "34",
    "subject_id": "2",
    "level_id": "3",
    "question_type_id": "3",
    "question_text": "The ___ is the main geographic plateau",
    "timer_seconds": 25,
    "display_title": null,
    "created_at": "2025-11-24T12:44:56.848Z",
    "updated_at": "2025-11-24T12:44:56.848Z",
    "created_by": null,
    "image_url": null
  },
  {
    "id": "35",
    "subject_id": "2",
    "level_id": "3",
    "question_type_id": "4",
    "question_text": "Landscape types",
    "timer_seconds": 45,
    "display_title": null,
    "created_at": "2025-11-24T12:44:56.848Z",
    "updated_at": "2025-11-24T12:44:56.848Z",
    "created_by": null,
    "image_url": null
  },
  {
    "id": "36",
    "subject_id": "2",
    "level_id": "3",
    "question_type_id": "5",
    "question_text": "Mauritius has no mountains",
    "timer_seconds": 20,
    "display_title": null,
    "created_at": "2025-11-24T12:44:56.848Z",
    "updated_at": "2025-11-24T12:44:56.848Z",
    "created_by": null,
    "image_url": null
  },
  {
    "id": "37",
    "subject_id": "3",
    "level_id": "1",
    "question_type_id": "1",
    "question_text": "Mauritius is in the ___ Ocean and gained independence in ___",
    "timer_seconds": 30,
    "display_title": null,
    "created_at": "2025-11-24T12:44:56.848Z",
    "updated_at": "2025-11-24T12:44:56.848Z",
    "created_by": null,
    "image_url": null
  },
  {
    "id": "38",
    "subject_id": "3",
    "level_id": "1",
    "question_type_id": "1",
    "question_text": "What is unique about the Dodo bird?",
    "timer_seconds": 30,
    "display_title": null,
    "created_at": "2025-11-24T12:44:56.848Z",
    "updated_at": "2025-11-24T12:44:56.848Z",
    "created_by": null,
    "image_url": null
  },
  {
    "id": "39",
    "subject_id": "3",
    "level_id": "1",
    "question_type_id": "2",
    "question_text": "Match combined facts",
    "timer_seconds": 40,
    "display_title": null,
    "created_at": "2025-11-24T12:44:56.848Z",
    "updated_at": "2025-11-24T12:44:56.848Z",
    "created_by": null,
    "image_url": null
  },
  {
    "id": "40",
    "subject_id": "3",
    "level_id": "1",
    "question_type_id": "3",
    "question_text": "___ is the capital in the Indian Ocean",
    "timer_seconds": 25,
    "display_title": null,
    "created_at": "2025-11-24T12:44:56.848Z",
    "updated_at": "2025-11-24T12:44:56.848Z",
    "created_by": null,
    "image_url": null
  },
  {
    "id": "41",
    "subject_id": "3",
    "level_id": "1",
    "question_type_id": "4",
    "question_text": "Historical timeline",
    "timer_seconds": 45,
    "display_title": null,
    "created_at": "2025-11-24T12:44:56.848Z",
    "updated_at": "2025-11-24T12:44:56.848Z",
    "created_by": null,
    "image_url": null
  },
  {
    "id": "42",
    "subject_id": "3",
    "level_id": "1",
    "question_type_id": "5",
    "question_text": "Mauritius is a large continent",
    "timer_seconds": 20,
    "display_title": null,
    "created_at": "2025-11-24T12:44:56.848Z",
    "updated_at": "2025-11-24T12:44:56.848Z",
    "created_by": null,
    "image_url": null
  },
  {
    "id": "43",
    "subject_id": "3",
    "level_id": "2",
    "question_type_id": "1",
    "question_text": "Aapravasi Ghat and Le Morne are UNESCO sites",
    "timer_seconds": 30,
    "display_title": null,
    "created_at": "2025-11-24T12:44:56.848Z",
    "updated_at": "2025-11-24T12:44:56.848Z",
    "created_by": null,
    "image_url": null
  },
  {
    "id": "44",
    "subject_id": "3",
    "level_id": "2",
    "question_type_id": "1",
    "question_text": "What connects history and geography?",
    "timer_seconds": 30,
    "display_title": null,
    "created_at": "2025-11-24T12:44:56.848Z",
    "updated_at": "2025-11-24T12:44:56.848Z",
    "created_by": null,
    "image_url": null
  },
  {
    "id": "45",
    "subject_id": "3",
    "level_id": "2",
    "question_type_id": "2",
    "question_text": "Match history and geography",
    "timer_seconds": 40,
    "display_title": null,
    "created_at": "2025-11-24T12:44:56.848Z",
    "updated_at": "2025-11-24T12:44:56.848Z",
    "created_by": null,
    "image_url": null
  },
  {
    "id": "46",
    "subject_id": "3",
    "level_id": "2",
    "question_type_id": "3",
    "question_text": "Sega is a traditional ___ of Mauritius",
    "timer_seconds": 25,
    "display_title": null,
    "created_at": "2025-11-24T12:44:56.848Z",
    "updated_at": "2025-11-24T12:44:56.848Z",
    "created_by": null,
    "image_url": null
  },
  {
    "id": "47",
    "subject_id": "3",
    "level_id": "2",
    "question_type_id": "4",
    "question_text": "Development timeline",
    "timer_seconds": 45,
    "display_title": null,
    "created_at": "2025-11-24T12:44:56.848Z",
    "updated_at": "2025-11-24T12:44:56.848Z",
    "created_by": null,
    "image_url": null
  },
  {
    "id": "48",
    "subject_id": "3",
    "level_id": "2",
    "question_type_id": "5",
    "question_text": "Mauritius has diverse landscapes",
    "timer_seconds": 20,
    "display_title": null,
    "created_at": "2025-11-24T12:44:56.848Z",
    "updated_at": "2025-11-24T12:44:56.848Z",
    "created_by": null,
    "image_url": null
  },
  {
    "id": "49",
    "subject_id": "3",
    "level_id": "3",
    "question_type_id": "1",
    "question_text": "The Dutch settlement in 1638 shaped geography",
    "timer_seconds": 35,
    "display_title": null,
    "created_at": "2025-11-24T12:44:56.848Z",
    "updated_at": "2025-11-24T12:44:56.848Z",
    "created_by": null,
    "image_url": null
  },
  {
    "id": "50",
    "subject_id": "3",
    "level_id": "3",
    "question_type_id": "1",
    "question_text": "UNESCO heritage and island identity",
    "timer_seconds": 35,
    "display_title": null,
    "created_at": "2025-11-24T12:44:56.848Z",
    "updated_at": "2025-11-24T12:44:56.848Z",
    "created_by": null,
    "image_url": null
  },
  {
    "id": "51",
    "subject_id": "3",
    "level_id": "3",
    "question_type_id": "2",
    "question_text": "Match complex history-geography",
    "timer_seconds": 40,
    "display_title": null,
    "created_at": "2025-11-24T12:44:56.848Z",
    "updated_at": "2025-11-24T12:44:56.848Z",
    "created_by": null,
    "image_url": null
  },
  {
    "id": "52",
    "subject_id": "3",
    "level_id": "3",
    "question_type_id": "3",
    "question_text": "Colonial periods shaped ___ and culture",
    "timer_seconds": 25,
    "display_title": null,
    "created_at": "2025-11-24T12:44:56.848Z",
    "updated_at": "2025-11-24T12:44:56.848Z",
    "created_by": null,
    "image_url": null
  },
  {
    "id": "53",
    "subject_id": "3",
    "level_id": "3",
    "question_type_id": "4",
    "question_text": "Complex timeline",
    "timer_seconds": 45,
    "display_title": null,
    "created_at": "2025-11-24T12:44:56.848Z",
    "updated_at": "2025-11-24T12:44:56.848Z",
    "created_by": null,
    "image_url": null
  },
  {
    "id": "54",
    "subject_id": "3",
    "level_id": "3",
    "question_type_id": "5",
    "question_text": "Island history defines modern Mauritius",
    "timer_seconds": 20,
    "display_title": null,
    "created_at": "2025-11-24T12:44:56.848Z",
    "updated_at": "2025-11-24T12:44:56.848Z",
    "created_by": null,
    "image_url": null
  },
  {
    "id": "55",
    "subject_id": "1",
    "level_id": "1",
    "question_type_id": "1",
    "question_text": "What is the capital of Mauritius?",
    "timer_seconds": 30,
    "display_title": null,
    "created_at": "2025-11-24T12:45:07.238Z",
    "updated_at": "2025-11-24T12:45:07.238Z",
    "created_by": null,
    "image_url": null
  },
  {
    "id": "56",
    "subject_id": "1",
    "level_id": "1",
    "question_type_id": "1",
    "question_text": "In what year did Mauritius gain independence?",
    "timer_seconds": 30,
    "display_title": null,
    "created_at": "2025-11-24T12:45:07.238Z",
    "updated_at": "2025-11-24T12:45:07.238Z",
    "created_by": null,
    "image_url": null
  },
  {
    "id": "57",
    "subject_id": "1",
    "level_id": "1",
    "question_type_id": "2",
    "question_text": "Match the historical facts",
    "timer_seconds": 40,
    "display_title": null,
    "created_at": "2025-11-24T12:45:07.238Z",
    "updated_at": "2025-11-24T12:45:07.238Z",
    "created_by": null,
    "image_url": null
  },
  {
    "id": "58",
    "subject_id": "1",
    "level_id": "1",
    "question_type_id": "3",
    "question_text": "The Dodo bird was found in ___",
    "timer_seconds": 25,
    "display_title": null,
    "created_at": "2025-11-24T12:45:07.238Z",
    "updated_at": "2025-11-24T12:45:07.238Z",
    "created_by": null,
    "image_url": null
  },
  {
    "id": "59",
    "subject_id": "1",
    "level_id": "1",
    "question_type_id": "4",
    "question_text": "Put in Order",
    "timer_seconds": 45,
    "display_title": null,
    "created_at": "2025-11-24T12:45:07.238Z",
    "updated_at": "2025-11-24T12:45:07.238Z",
    "created_by": null,
    "image_url": null
  },
  {
    "id": "60",
    "subject_id": "1",
    "level_id": "1",
    "question_type_id": "5",
    "question_text": "Mauritius gained independence in 1960",
    "timer_seconds": 20,
    "display_title": null,
    "created_at": "2025-11-24T12:45:07.238Z",
    "updated_at": "2025-11-24T12:45:07.238Z",
    "created_by": null,
    "image_url": null
  },
  {
    "id": "61",
    "subject_id": "1",
    "level_id": "2",
    "question_type_id": "1",
    "question_text": "What traditional dance is famous in Mauritius?",
    "timer_seconds": 30,
    "display_title": null,
    "created_at": "2025-11-24T12:45:07.238Z",
    "updated_at": "2025-11-24T12:45:07.238Z",
    "created_by": null,
    "image_url": null
  },
  {
    "id": "62",
    "subject_id": "1",
    "level_id": "2",
    "question_type_id": "1",
    "question_text": "Which year saw the arrival of the French in Mauritius?",
    "timer_seconds": 30,
    "display_title": null,
    "created_at": "2025-11-24T12:45:07.238Z",
    "updated_at": "2025-11-24T12:45:07.238Z",
    "created_by": null,
    "image_url": null
  },
  {
    "id": "63",
    "subject_id": "1",
    "level_id": "2",
    "question_type_id": "2",
    "question_text": "Match cultural and historical sites",
    "timer_seconds": 40,
    "display_title": null,
    "created_at": "2025-11-24T12:45:07.238Z",
    "updated_at": "2025-11-24T12:45:07.238Z",
    "created_by": null,
    "image_url": null
  },
  {
    "id": "64",
    "subject_id": "1",
    "level_id": "2",
    "question_type_id": "3",
    "question_text": "Le Morne Brabant is a ___ mountain",
    "timer_seconds": 25,
    "display_title": null,
    "created_at": "2025-11-24T12:45:07.238Z",
    "updated_at": "2025-11-24T12:45:07.238Z",
    "created_by": null,
    "image_url": null
  },
  {
    "id": "65",
    "subject_id": "1",
    "level_id": "2",
    "question_type_id": "4",
    "question_text": "Put historical periods in order",
    "timer_seconds": 45,
    "display_title": null,
    "created_at": "2025-11-24T12:45:07.238Z",
    "updated_at": "2025-11-24T12:45:07.238Z",
    "created_by": null,
    "image_url": null
  },
  {
    "id": "66",
    "subject_id": "1",
    "level_id": "2",
    "question_type_id": "5",
    "question_text": "Sugar was never important in Mauritius",
    "timer_seconds": 20,
    "display_title": null,
    "created_at": "2025-11-24T12:45:07.238Z",
    "updated_at": "2025-11-24T12:45:07.238Z",
    "created_by": null,
    "image_url": null
  },
  {
    "id": "67",
    "subject_id": "1",
    "level_id": "3",
    "question_type_id": "1",
    "question_text": "What is the Aapravasi Ghat?",
    "timer_seconds": 35,
    "display_title": null,
    "created_at": "2025-11-24T12:45:07.238Z",
    "updated_at": "2025-11-24T12:45:07.238Z",
    "created_by": null,
    "image_url": null
  },
  {
    "id": "68",
    "subject_id": "1",
    "level_id": "3",
    "question_type_id": "1",
    "question_text": "In what year did the Dutch settle?",
    "timer_seconds": 35,
    "display_title": null,
    "created_at": "2025-11-24T12:45:07.238Z",
    "updated_at": "2025-11-24T12:45:07.238Z",
    "created_by": null,
    "image_url": null
  },
  {
    "id": "69",
    "subject_id": "1",
    "level_id": "3",
    "question_type_id": "2",
    "question_text": "Match advanced historical facts",
    "timer_seconds": 40,
    "display_title": null,
    "created_at": "2025-11-24T12:45:07.238Z",
    "updated_at": "2025-11-24T12:45:07.238Z",
    "created_by": null,
    "image_url": null
  },
  {
    "id": "70",
    "subject_id": "1",
    "level_id": "3",
    "question_type_id": "3",
    "question_text": "The ___ arrived in 1638",
    "timer_seconds": 25,
    "display_title": null,
    "created_at": "2025-11-24T12:45:07.238Z",
    "updated_at": "2025-11-24T12:45:07.238Z",
    "created_by": null,
    "image_url": null
  },
  {
    "id": "71",
    "subject_id": "1",
    "level_id": "3",
    "question_type_id": "4",
    "question_text": "Colonial periods in order",
    "timer_seconds": 45,
    "display_title": null,
    "created_at": "2025-11-24T12:45:07.238Z",
    "updated_at": "2025-11-24T12:45:07.238Z",
    "created_by": null,
    "image_url": null
  },
  {
    "id": "72",
    "subject_id": "1",
    "level_id": "3",
    "question_type_id": "5",
    "question_text": "Mauritius was inhabited before European settlement",
    "timer_seconds": 20,
    "display_title": null,
    "created_at": "2025-11-24T12:45:07.238Z",
    "updated_at": "2025-11-24T12:45:07.238Z",
    "created_by": null,
    "image_url": null
  },
  {
    "id": "73",
    "subject_id": "2",
    "level_id": "1",
    "question_type_id": "1",
    "question_text": "In which ocean is Mauritius located?",
    "timer_seconds": 30,
    "display_title": null,
    "created_at": "2025-11-24T12:45:07.238Z",
    "updated_at": "2025-11-24T12:45:07.238Z",
    "created_by": null,
    "image_url": null
  },
  {
    "id": "74",
    "subject_id": "2",
    "level_id": "1",
    "question_type_id": "1",
    "question_text": "What is the capital of Mauritius?",
    "timer_seconds": 30,
    "display_title": null,
    "created_at": "2025-11-24T12:45:07.238Z",
    "updated_at": "2025-11-24T12:45:07.238Z",
    "created_by": null,
    "image_url": null
  },
  {
    "id": "75",
    "subject_id": "2",
    "level_id": "1",
    "question_type_id": "2",
    "question_text": "Match geography basics",
    "timer_seconds": 40,
    "display_title": null,
    "created_at": "2025-11-24T12:45:07.238Z",
    "updated_at": "2025-11-24T12:45:07.238Z",
    "created_by": null,
    "image_url": null
  },
  {
    "id": "76",
    "subject_id": "2",
    "level_id": "1",
    "question_type_id": "3",
    "question_text": "Mauritius is surrounded by the ___ Ocean",
    "timer_seconds": 25,
    "display_title": null,
    "created_at": "2025-11-24T12:45:07.238Z",
    "updated_at": "2025-11-24T12:45:07.238Z",
    "created_by": null,
    "image_url": null
  },
  {
    "id": "77",
    "subject_id": "2",
    "level_id": "1",
    "question_type_id": "4",
    "question_text": "Geographic hierarchy",
    "timer_seconds": 45,
    "display_title": null,
    "created_at": "2025-11-24T12:45:07.238Z",
    "updated_at": "2025-11-24T12:45:07.238Z",
    "created_by": null,
    "image_url": null
  },
  {
    "id": "78",
    "subject_id": "2",
    "level_id": "1",
    "question_type_id": "5",
    "question_text": "Mauritius is in the Pacific Ocean",
    "timer_seconds": 20,
    "display_title": null,
    "created_at": "2025-11-24T12:45:07.238Z",
    "updated_at": "2025-11-24T12:45:07.238Z",
    "created_by": null,
    "image_url": null
  },
  {
    "id": "79",
    "subject_id": "2",
    "level_id": "2",
    "question_type_id": "1",
    "question_text": "What is the Seven Colored Earth?",
    "timer_seconds": 30,
    "display_title": null,
    "created_at": "2025-11-24T12:45:07.238Z",
    "updated_at": "2025-11-24T12:45:07.238Z",
    "created_by": null,
    "image_url": null
  },
  {
    "id": "80",
    "subject_id": "2",
    "level_id": "2",
    "question_type_id": "1",
    "question_text": "Where is the Seven Colored Earth located?",
    "timer_seconds": 30,
    "display_title": null,
    "created_at": "2025-11-24T12:45:07.238Z",
    "updated_at": "2025-11-24T12:45:07.238Z",
    "created_by": null,
    "image_url": null
  },
  {
    "id": "81",
    "subject_id": "2",
    "level_id": "2",
    "question_type_id": "2",
    "question_text": "Match geographic landmarks",
    "timer_seconds": 40,
    "display_title": null,
    "created_at": "2025-11-24T12:45:07.238Z",
    "updated_at": "2025-11-24T12:45:07.238Z",
    "created_by": null,
    "image_url": null
  },
  {
    "id": "82",
    "subject_id": "2",
    "level_id": "2",
    "question_type_id": "3",
    "question_text": "The Seven Colored Earth is in ___",
    "timer_seconds": 25,
    "display_title": null,
    "created_at": "2025-11-24T12:45:07.238Z",
    "updated_at": "2025-11-24T12:45:07.238Z",
    "created_by": null,
    "image_url": null
  },
  {
    "id": "83",
    "subject_id": "2",
    "level_id": "2",
    "question_type_id": "4",
    "question_text": "Geographic regions",
    "timer_seconds": 45,
    "display_title": null,
    "created_at": "2025-11-24T12:45:07.238Z",
    "updated_at": "2025-11-24T12:45:07.238Z",
    "created_by": null,
    "image_url": null
  },
  {
    "id": "84",
    "subject_id": "2",
    "level_id": "2",
    "question_type_id": "5",
    "question_text": "The Pamplemousses is an ancient temple",
    "timer_seconds": 20,
    "display_title": null,
    "created_at": "2025-11-24T12:45:07.238Z",
    "updated_at": "2025-11-24T12:45:07.238Z",
    "created_by": null,
    "image_url": null
  },
  {
    "id": "85",
    "subject_id": "2",
    "level_id": "3",
    "question_type_id": "1",
    "question_text": "What is the highest mountain?",
    "timer_seconds": 35,
    "display_title": null,
    "created_at": "2025-11-24T12:45:07.238Z",
    "updated_at": "2025-11-24T12:45:07.238Z",
    "created_by": null,
    "image_url": null
  },
  {
    "id": "86",
    "subject_id": "2",
    "level_id": "3",
    "question_type_id": "1",
    "question_text": "Which area has the Central Plateau?",
    "timer_seconds": 35,
    "display_title": null,
    "created_at": "2025-11-24T12:45:07.238Z",
    "updated_at": "2025-11-24T12:45:07.238Z",
    "created_by": null,
    "image_url": null
  },
  {
    "id": "87",
    "subject_id": "2",
    "level_id": "3",
    "question_type_id": "2",
    "question_text": "Match advanced geography",
    "timer_seconds": 40,
    "display_title": null,
    "created_at": "2025-11-24T12:45:07.238Z",
    "updated_at": "2025-11-24T12:45:07.238Z",
    "created_by": null,
    "image_url": null
  },
  {
    "id": "88",
    "subject_id": "2",
    "level_id": "3",
    "question_type_id": "3",
    "question_text": "The ___ is the main geographic plateau",
    "timer_seconds": 25,
    "display_title": null,
    "created_at": "2025-11-24T12:45:07.238Z",
    "updated_at": "2025-11-24T12:45:07.238Z",
    "created_by": null,
    "image_url": null
  },
  {
    "id": "89",
    "subject_id": "2",
    "level_id": "3",
    "question_type_id": "4",
    "question_text": "Landscape types",
    "timer_seconds": 45,
    "display_title": null,
    "created_at": "2025-11-24T12:45:07.238Z",
    "updated_at": "2025-11-24T12:45:07.238Z",
    "created_by": null,
    "image_url": null
  },
  {
    "id": "90",
    "subject_id": "2",
    "level_id": "3",
    "question_type_id": "5",
    "question_text": "Mauritius has no mountains",
    "timer_seconds": 20,
    "display_title": null,
    "created_at": "2025-11-24T12:45:07.238Z",
    "updated_at": "2025-11-24T12:45:07.238Z",
    "created_by": null,
    "image_url": null
  },
  {
    "id": "91",
    "subject_id": "3",
    "level_id": "1",
    "question_type_id": "1",
    "question_text": "Mauritius is in the ___ Ocean and gained independence in ___",
    "timer_seconds": 30,
    "display_title": null,
    "created_at": "2025-11-24T12:45:07.238Z",
    "updated_at": "2025-11-24T12:45:07.238Z",
    "created_by": null,
    "image_url": null
  },
  {
    "id": "92",
    "subject_id": "3",
    "level_id": "1",
    "question_type_id": "1",
    "question_text": "What is unique about the Dodo bird?",
    "timer_seconds": 30,
    "display_title": null,
    "created_at": "2025-11-24T12:45:07.238Z",
    "updated_at": "2025-11-24T12:45:07.238Z",
    "created_by": null,
    "image_url": null
  },
  {
    "id": "93",
    "subject_id": "3",
    "level_id": "1",
    "question_type_id": "2",
    "question_text": "Match combined facts",
    "timer_seconds": 40,
    "display_title": null,
    "created_at": "2025-11-24T12:45:07.238Z",
    "updated_at": "2025-11-24T12:45:07.238Z",
    "created_by": null,
    "image_url": null
  },
  {
    "id": "94",
    "subject_id": "3",
    "level_id": "1",
    "question_type_id": "3",
    "question_text": "___ is the capital in the Indian Ocean",
    "timer_seconds": 25,
    "display_title": null,
    "created_at": "2025-11-24T12:45:07.238Z",
    "updated_at": "2025-11-24T12:45:07.238Z",
    "created_by": null,
    "image_url": null
  },
  {
    "id": "95",
    "subject_id": "3",
    "level_id": "1",
    "question_type_id": "4",
    "question_text": "Historical timeline",
    "timer_seconds": 45,
    "display_title": null,
    "created_at": "2025-11-24T12:45:07.238Z",
    "updated_at": "2025-11-24T12:45:07.238Z",
    "created_by": null,
    "image_url": null
  },
  {
    "id": "96",
    "subject_id": "3",
    "level_id": "1",
    "question_type_id": "5",
    "question_text": "Mauritius is a large continent",
    "timer_seconds": 20,
    "display_title": null,
    "created_at": "2025-11-24T12:45:07.238Z",
    "updated_at": "2025-11-24T12:45:07.238Z",
    "created_by": null,
    "image_url": null
  },
  {
    "id": "97",
    "subject_id": "3",
    "level_id": "2",
    "question_type_id": "1",
    "question_text": "Aapravasi Ghat and Le Morne are UNESCO sites",
    "timer_seconds": 30,
    "display_title": null,
    "created_at": "2025-11-24T12:45:07.238Z",
    "updated_at": "2025-11-24T12:45:07.238Z",
    "created_by": null,
    "image_url": null
  },
  {
    "id": "98",
    "subject_id": "3",
    "level_id": "2",
    "question_type_id": "1",
    "question_text": "What connects history and geography?",
    "timer_seconds": 30,
    "display_title": null,
    "created_at": "2025-11-24T12:45:07.238Z",
    "updated_at": "2025-11-24T12:45:07.238Z",
    "created_by": null,
    "image_url": null
  },
  {
    "id": "99",
    "subject_id": "3",
    "level_id": "2",
    "question_type_id": "2",
    "question_text": "Match history and geography",
    "timer_seconds": 40,
    "display_title": null,
    "created_at": "2025-11-24T12:45:07.238Z",
    "updated_at": "2025-11-24T12:45:07.238Z",
    "created_by": null,
    "image_url": null
  },
  {
    "id": "100",
    "subject_id": "3",
    "level_id": "2",
    "question_type_id": "3",
    "question_text": "Sega is a traditional ___ of Mauritius",
    "timer_seconds": 25,
    "display_title": null,
    "created_at": "2025-11-24T12:45:07.238Z",
    "updated_at": "2025-11-24T12:45:07.238Z",
    "created_by": null,
    "image_url": null
  },
  {
    "id": "101",
    "subject_id": "3",
    "level_id": "2",
    "question_type_id": "4",
    "question_text": "Development timeline",
    "timer_seconds": 45,
    "display_title": null,
    "created_at": "2025-11-24T12:45:07.238Z",
    "updated_at": "2025-11-24T12:45:07.238Z",
    "created_by": null,
    "image_url": null
  },
  {
    "id": "102",
    "subject_id": "3",
    "level_id": "2",
    "question_type_id": "5",
    "question_text": "Mauritius has diverse landscapes",
    "timer_seconds": 20,
    "display_title": null,
    "created_at": "2025-11-24T12:45:07.238Z",
    "updated_at": "2025-11-24T12:45:07.238Z",
    "created_by": null,
    "image_url": null
  },
  {
    "id": "103",
    "subject_id": "3",
    "level_id": "3",
    "question_type_id": "1",
    "question_text": "The Dutch settlement in 1638 shaped geography",
    "timer_seconds": 35,
    "display_title": null,
    "created_at": "2025-11-24T12:45:07.238Z",
    "updated_at": "2025-11-24T12:45:07.238Z",
    "created_by": null,
    "image_url": null
  },
  {
    "id": "104",
    "subject_id": "3",
    "level_id": "3",
    "question_type_id": "1",
    "question_text": "UNESCO heritage and island identity",
    "timer_seconds": 35,
    "display_title": null,
    "created_at": "2025-11-24T12:45:07.238Z",
    "updated_at": "2025-11-24T12:45:07.238Z",
    "created_by": null,
    "image_url": null
  },
  {
    "id": "105",
    "subject_id": "3",
    "level_id": "3",
    "question_type_id": "2",
    "question_text": "Match complex history-geography",
    "timer_seconds": 40,
    "display_title": null,
    "created_at": "2025-11-24T12:45:07.238Z",
    "updated_at": "2025-11-24T12:45:07.238Z",
    "created_by": null,
    "image_url": null
  },
  {
    "id": "106",
    "subject_id": "3",
    "level_id": "3",
    "question_type_id": "3",
    "question_text": "Colonial periods shaped ___ and culture",
    "timer_seconds": 25,
    "display_title": null,
    "created_at": "2025-11-24T12:45:07.238Z",
    "updated_at": "2025-11-24T12:45:07.238Z",
    "created_by": null,
    "image_url": null
  },
  {
    "id": "107",
    "subject_id": "3",
    "level_id": "3",
    "question_type_id": "4",
    "question_text": "Complex timeline",
    "timer_seconds": 45,
    "display_title": null,
    "created_at": "2025-11-24T12:45:07.238Z",
    "updated_at": "2025-11-24T12:45:07.238Z",
    "created_by": null,
    "image_url": null
  },
  {
    "id": "108",
    "subject_id": "3",
    "level_id": "3",
    "question_type_id": "5",
    "question_text": "Island history defines modern Mauritius",
    "timer_seconds": 20,
    "display_title": null,
    "created_at": "2025-11-24T12:45:07.238Z",
    "updated_at": "2025-11-24T12:45:07.238Z",
    "created_by": null,
    "image_url": null
  },
  {
    "id": "109",
    "subject_id": "1",
    "level_id": "1",
    "question_type_id": "1",
    "question_text": "test",
    "timer_seconds": 30,
    "display_title": null,
    "created_at": "2025-11-25T05:31:39.078Z",
    "updated_at": "2025-11-25T05:31:39.078Z",
    "created_by": null,
    "image_url": null
  },
  {
    "id": "110",
    "subject_id": "2",
    "level_id": "2",
    "question_type_id": "2",
    "question_text": "test",
    "timer_seconds": 30,
    "display_title": null,
    "created_at": "2025-11-25T05:35:24.315Z",
    "updated_at": "2025-11-25T05:35:24.315Z",
    "created_by": null,
    "image_url": null
  },
  {
    "id": "111",
    "subject_id": "1",
    "level_id": "1",
    "question_type_id": "1",
    "question_text": "What is the capital of Mauritius?",
    "timer_seconds": 30,
    "display_title": null,
    "created_at": "2025-12-30T08:05:21.050Z",
    "updated_at": "2025-12-30T08:05:21.050Z",
    "created_by": null,
    "image_url": null
  },
  {
    "id": "112",
    "subject_id": "1",
    "level_id": "1",
    "question_type_id": "1",
    "question_text": "In what year did Mauritius gain independence?",
    "timer_seconds": 30,
    "display_title": null,
    "created_at": "2025-12-30T08:05:21.050Z",
    "updated_at": "2025-12-30T08:05:21.050Z",
    "created_by": null,
    "image_url": null
  },
  {
    "id": "113",
    "subject_id": "1",
    "level_id": "1",
    "question_type_id": "2",
    "question_text": "Match the historical facts",
    "timer_seconds": 40,
    "display_title": null,
    "created_at": "2025-12-30T08:05:21.050Z",
    "updated_at": "2025-12-30T08:05:21.050Z",
    "created_by": null,
    "image_url": null
  },
  {
    "id": "114",
    "subject_id": "1",
    "level_id": "1",
    "question_type_id": "3",
    "question_text": "The Dodo bird was found in ___",
    "timer_seconds": 25,
    "display_title": null,
    "created_at": "2025-12-30T08:05:21.050Z",
    "updated_at": "2025-12-30T08:05:21.050Z",
    "created_by": null,
    "image_url": null
  },
  {
    "id": "115",
    "subject_id": "1",
    "level_id": "1",
    "question_type_id": "4",
    "question_text": "Put in Order",
    "timer_seconds": 45,
    "display_title": null,
    "created_at": "2025-12-30T08:05:21.050Z",
    "updated_at": "2025-12-30T08:05:21.050Z",
    "created_by": null,
    "image_url": null
  },
  {
    "id": "116",
    "subject_id": "1",
    "level_id": "1",
    "question_type_id": "5",
    "question_text": "Mauritius gained independence in 1960",
    "timer_seconds": 20,
    "display_title": null,
    "created_at": "2025-12-30T08:05:21.050Z",
    "updated_at": "2025-12-30T08:05:21.050Z",
    "created_by": null,
    "image_url": null
  },
  {
    "id": "117",
    "subject_id": "1",
    "level_id": "2",
    "question_type_id": "1",
    "question_text": "What traditional dance is famous in Mauritius?",
    "timer_seconds": 30,
    "display_title": null,
    "created_at": "2025-12-30T08:05:21.050Z",
    "updated_at": "2025-12-30T08:05:21.050Z",
    "created_by": null,
    "image_url": null
  },
  {
    "id": "118",
    "subject_id": "1",
    "level_id": "2",
    "question_type_id": "1",
    "question_text": "Which year saw the arrival of the French in Mauritius?",
    "timer_seconds": 30,
    "display_title": null,
    "created_at": "2025-12-30T08:05:21.050Z",
    "updated_at": "2025-12-30T08:05:21.050Z",
    "created_by": null,
    "image_url": null
  },
  {
    "id": "119",
    "subject_id": "1",
    "level_id": "2",
    "question_type_id": "2",
    "question_text": "Match cultural and historical sites",
    "timer_seconds": 40,
    "display_title": null,
    "created_at": "2025-12-30T08:05:21.050Z",
    "updated_at": "2025-12-30T08:05:21.050Z",
    "created_by": null,
    "image_url": null
  },
  {
    "id": "120",
    "subject_id": "1",
    "level_id": "2",
    "question_type_id": "3",
    "question_text": "Le Morne Brabant is a ___ mountain",
    "timer_seconds": 25,
    "display_title": null,
    "created_at": "2025-12-30T08:05:21.050Z",
    "updated_at": "2025-12-30T08:05:21.050Z",
    "created_by": null,
    "image_url": null
  },
  {
    "id": "121",
    "subject_id": "1",
    "level_id": "2",
    "question_type_id": "4",
    "question_text": "Put historical periods in order",
    "timer_seconds": 45,
    "display_title": null,
    "created_at": "2025-12-30T08:05:21.050Z",
    "updated_at": "2025-12-30T08:05:21.050Z",
    "created_by": null,
    "image_url": null
  },
  {
    "id": "122",
    "subject_id": "1",
    "level_id": "2",
    "question_type_id": "5",
    "question_text": "Sugar was never important in Mauritius",
    "timer_seconds": 20,
    "display_title": null,
    "created_at": "2025-12-30T08:05:21.050Z",
    "updated_at": "2025-12-30T08:05:21.050Z",
    "created_by": null,
    "image_url": null
  },
  {
    "id": "123",
    "subject_id": "1",
    "level_id": "3",
    "question_type_id": "1",
    "question_text": "What is the Aapravasi Ghat?",
    "timer_seconds": 35,
    "display_title": null,
    "created_at": "2025-12-30T08:05:21.050Z",
    "updated_at": "2025-12-30T08:05:21.050Z",
    "created_by": null,
    "image_url": null
  },
  {
    "id": "124",
    "subject_id": "1",
    "level_id": "3",
    "question_type_id": "1",
    "question_text": "In what year did the Dutch settle?",
    "timer_seconds": 35,
    "display_title": null,
    "created_at": "2025-12-30T08:05:21.050Z",
    "updated_at": "2025-12-30T08:05:21.050Z",
    "created_by": null,
    "image_url": null
  },
  {
    "id": "125",
    "subject_id": "1",
    "level_id": "3",
    "question_type_id": "2",
    "question_text": "Match advanced historical facts",
    "timer_seconds": 40,
    "display_title": null,
    "created_at": "2025-12-30T08:05:21.050Z",
    "updated_at": "2025-12-30T08:05:21.050Z",
    "created_by": null,
    "image_url": null
  },
  {
    "id": "126",
    "subject_id": "1",
    "level_id": "3",
    "question_type_id": "3",
    "question_text": "The ___ arrived in 1638",
    "timer_seconds": 25,
    "display_title": null,
    "created_at": "2025-12-30T08:05:21.050Z",
    "updated_at": "2025-12-30T08:05:21.050Z",
    "created_by": null,
    "image_url": null
  },
  {
    "id": "127",
    "subject_id": "1",
    "level_id": "3",
    "question_type_id": "4",
    "question_text": "Colonial periods in order",
    "timer_seconds": 45,
    "display_title": null,
    "created_at": "2025-12-30T08:05:21.050Z",
    "updated_at": "2025-12-30T08:05:21.050Z",
    "created_by": null,
    "image_url": null
  },
  {
    "id": "128",
    "subject_id": "1",
    "level_id": "3",
    "question_type_id": "5",
    "question_text": "Mauritius was inhabited before European settlement",
    "timer_seconds": 20,
    "display_title": null,
    "created_at": "2025-12-30T08:05:21.050Z",
    "updated_at": "2025-12-30T08:05:21.050Z",
    "created_by": null,
    "image_url": null
  },
  {
    "id": "129",
    "subject_id": "2",
    "level_id": "1",
    "question_type_id": "1",
    "question_text": "In which ocean is Mauritius located?",
    "timer_seconds": 30,
    "display_title": null,
    "created_at": "2025-12-30T08:05:21.050Z",
    "updated_at": "2025-12-30T08:05:21.050Z",
    "created_by": null,
    "image_url": null
  },
  {
    "id": "130",
    "subject_id": "2",
    "level_id": "1",
    "question_type_id": "1",
    "question_text": "What is the capital of Mauritius?",
    "timer_seconds": 30,
    "display_title": null,
    "created_at": "2025-12-30T08:05:21.050Z",
    "updated_at": "2025-12-30T08:05:21.050Z",
    "created_by": null,
    "image_url": null
  },
  {
    "id": "131",
    "subject_id": "2",
    "level_id": "1",
    "question_type_id": "2",
    "question_text": "Match geography basics",
    "timer_seconds": 40,
    "display_title": null,
    "created_at": "2025-12-30T08:05:21.050Z",
    "updated_at": "2025-12-30T08:05:21.050Z",
    "created_by": null,
    "image_url": null
  },
  {
    "id": "132",
    "subject_id": "2",
    "level_id": "1",
    "question_type_id": "3",
    "question_text": "Mauritius is surrounded by the ___ Ocean",
    "timer_seconds": 25,
    "display_title": null,
    "created_at": "2025-12-30T08:05:21.050Z",
    "updated_at": "2025-12-30T08:05:21.050Z",
    "created_by": null,
    "image_url": null
  },
  {
    "id": "133",
    "subject_id": "2",
    "level_id": "1",
    "question_type_id": "4",
    "question_text": "Geographic hierarchy",
    "timer_seconds": 45,
    "display_title": null,
    "created_at": "2025-12-30T08:05:21.050Z",
    "updated_at": "2025-12-30T08:05:21.050Z",
    "created_by": null,
    "image_url": null
  },
  {
    "id": "134",
    "subject_id": "2",
    "level_id": "1",
    "question_type_id": "5",
    "question_text": "Mauritius is in the Pacific Ocean",
    "timer_seconds": 20,
    "display_title": null,
    "created_at": "2025-12-30T08:05:21.050Z",
    "updated_at": "2025-12-30T08:05:21.050Z",
    "created_by": null,
    "image_url": null
  },
  {
    "id": "135",
    "subject_id": "2",
    "level_id": "2",
    "question_type_id": "1",
    "question_text": "What is the Seven Colored Earth?",
    "timer_seconds": 30,
    "display_title": null,
    "created_at": "2025-12-30T08:05:21.050Z",
    "updated_at": "2025-12-30T08:05:21.050Z",
    "created_by": null,
    "image_url": null
  },
  {
    "id": "136",
    "subject_id": "2",
    "level_id": "2",
    "question_type_id": "1",
    "question_text": "Where is the Seven Colored Earth located?",
    "timer_seconds": 30,
    "display_title": null,
    "created_at": "2025-12-30T08:05:21.050Z",
    "updated_at": "2025-12-30T08:05:21.050Z",
    "created_by": null,
    "image_url": null
  },
  {
    "id": "137",
    "subject_id": "2",
    "level_id": "2",
    "question_type_id": "2",
    "question_text": "Match geographic landmarks",
    "timer_seconds": 40,
    "display_title": null,
    "created_at": "2025-12-30T08:05:21.050Z",
    "updated_at": "2025-12-30T08:05:21.050Z",
    "created_by": null,
    "image_url": null
  },
  {
    "id": "138",
    "subject_id": "2",
    "level_id": "2",
    "question_type_id": "3",
    "question_text": "The Seven Colored Earth is in ___",
    "timer_seconds": 25,
    "display_title": null,
    "created_at": "2025-12-30T08:05:21.050Z",
    "updated_at": "2025-12-30T08:05:21.050Z",
    "created_by": null,
    "image_url": null
  },
  {
    "id": "139",
    "subject_id": "2",
    "level_id": "2",
    "question_type_id": "4",
    "question_text": "Geographic regions",
    "timer_seconds": 45,
    "display_title": null,
    "created_at": "2025-12-30T08:05:21.050Z",
    "updated_at": "2025-12-30T08:05:21.050Z",
    "created_by": null,
    "image_url": null
  },
  {
    "id": "140",
    "subject_id": "2",
    "level_id": "2",
    "question_type_id": "5",
    "question_text": "The Pamplemousses is an ancient temple",
    "timer_seconds": 20,
    "display_title": null,
    "created_at": "2025-12-30T08:05:21.050Z",
    "updated_at": "2025-12-30T08:05:21.050Z",
    "created_by": null,
    "image_url": null
  },
  {
    "id": "141",
    "subject_id": "2",
    "level_id": "3",
    "question_type_id": "1",
    "question_text": "What is the highest mountain?",
    "timer_seconds": 35,
    "display_title": null,
    "created_at": "2025-12-30T08:05:21.050Z",
    "updated_at": "2025-12-30T08:05:21.050Z",
    "created_by": null,
    "image_url": null
  },
  {
    "id": "142",
    "subject_id": "2",
    "level_id": "3",
    "question_type_id": "1",
    "question_text": "Which area has the Central Plateau?",
    "timer_seconds": 35,
    "display_title": null,
    "created_at": "2025-12-30T08:05:21.050Z",
    "updated_at": "2025-12-30T08:05:21.050Z",
    "created_by": null,
    "image_url": null
  },
  {
    "id": "143",
    "subject_id": "2",
    "level_id": "3",
    "question_type_id": "2",
    "question_text": "Match advanced geography",
    "timer_seconds": 40,
    "display_title": null,
    "created_at": "2025-12-30T08:05:21.050Z",
    "updated_at": "2025-12-30T08:05:21.050Z",
    "created_by": null,
    "image_url": null
  },
  {
    "id": "144",
    "subject_id": "2",
    "level_id": "3",
    "question_type_id": "3",
    "question_text": "The ___ is the main geographic plateau",
    "timer_seconds": 25,
    "display_title": null,
    "created_at": "2025-12-30T08:05:21.050Z",
    "updated_at": "2025-12-30T08:05:21.050Z",
    "created_by": null,
    "image_url": null
  },
  {
    "id": "145",
    "subject_id": "2",
    "level_id": "3",
    "question_type_id": "4",
    "question_text": "Landscape types",
    "timer_seconds": 45,
    "display_title": null,
    "created_at": "2025-12-30T08:05:21.050Z",
    "updated_at": "2025-12-30T08:05:21.050Z",
    "created_by": null,
    "image_url": null
  },
  {
    "id": "146",
    "subject_id": "2",
    "level_id": "3",
    "question_type_id": "5",
    "question_text": "Mauritius has no mountains",
    "timer_seconds": 20,
    "display_title": null,
    "created_at": "2025-12-30T08:05:21.050Z",
    "updated_at": "2025-12-30T08:05:21.050Z",
    "created_by": null,
    "image_url": null
  },
  {
    "id": "147",
    "subject_id": "3",
    "level_id": "1",
    "question_type_id": "1",
    "question_text": "Mauritius is in the ___ Ocean and gained independence in ___",
    "timer_seconds": 30,
    "display_title": null,
    "created_at": "2025-12-30T08:05:21.050Z",
    "updated_at": "2025-12-30T08:05:21.050Z",
    "created_by": null,
    "image_url": null
  },
  {
    "id": "148",
    "subject_id": "3",
    "level_id": "1",
    "question_type_id": "1",
    "question_text": "What is unique about the Dodo bird?",
    "timer_seconds": 30,
    "display_title": null,
    "created_at": "2025-12-30T08:05:21.050Z",
    "updated_at": "2025-12-30T08:05:21.050Z",
    "created_by": null,
    "image_url": null
  },
  {
    "id": "149",
    "subject_id": "3",
    "level_id": "1",
    "question_type_id": "2",
    "question_text": "Match combined facts",
    "timer_seconds": 40,
    "display_title": null,
    "created_at": "2025-12-30T08:05:21.050Z",
    "updated_at": "2025-12-30T08:05:21.050Z",
    "created_by": null,
    "image_url": null
  },
  {
    "id": "150",
    "subject_id": "3",
    "level_id": "1",
    "question_type_id": "3",
    "question_text": "___ is the capital in the Indian Ocean",
    "timer_seconds": 25,
    "display_title": null,
    "created_at": "2025-12-30T08:05:21.050Z",
    "updated_at": "2025-12-30T08:05:21.050Z",
    "created_by": null,
    "image_url": null
  },
  {
    "id": "151",
    "subject_id": "3",
    "level_id": "1",
    "question_type_id": "4",
    "question_text": "Historical timeline",
    "timer_seconds": 45,
    "display_title": null,
    "created_at": "2025-12-30T08:05:21.050Z",
    "updated_at": "2025-12-30T08:05:21.050Z",
    "created_by": null,
    "image_url": null
  },
  {
    "id": "152",
    "subject_id": "3",
    "level_id": "1",
    "question_type_id": "5",
    "question_text": "Mauritius is a large continent",
    "timer_seconds": 20,
    "display_title": null,
    "created_at": "2025-12-30T08:05:21.050Z",
    "updated_at": "2025-12-30T08:05:21.050Z",
    "created_by": null,
    "image_url": null
  },
  {
    "id": "153",
    "subject_id": "3",
    "level_id": "2",
    "question_type_id": "1",
    "question_text": "Aapravasi Ghat and Le Morne are UNESCO sites",
    "timer_seconds": 30,
    "display_title": null,
    "created_at": "2025-12-30T08:05:21.050Z",
    "updated_at": "2025-12-30T08:05:21.050Z",
    "created_by": null,
    "image_url": null
  },
  {
    "id": "154",
    "subject_id": "3",
    "level_id": "2",
    "question_type_id": "1",
    "question_text": "What connects history and geography?",
    "timer_seconds": 30,
    "display_title": null,
    "created_at": "2025-12-30T08:05:21.050Z",
    "updated_at": "2025-12-30T08:05:21.050Z",
    "created_by": null,
    "image_url": null
  },
  {
    "id": "155",
    "subject_id": "3",
    "level_id": "2",
    "question_type_id": "2",
    "question_text": "Match history and geography",
    "timer_seconds": 40,
    "display_title": null,
    "created_at": "2025-12-30T08:05:21.050Z",
    "updated_at": "2025-12-30T08:05:21.050Z",
    "created_by": null,
    "image_url": null
  },
  {
    "id": "156",
    "subject_id": "3",
    "level_id": "2",
    "question_type_id": "3",
    "question_text": "Sega is a traditional ___ of Mauritius",
    "timer_seconds": 25,
    "display_title": null,
    "created_at": "2025-12-30T08:05:21.050Z",
    "updated_at": "2025-12-30T08:05:21.050Z",
    "created_by": null,
    "image_url": null
  },
  {
    "id": "157",
    "subject_id": "3",
    "level_id": "2",
    "question_type_id": "4",
    "question_text": "Development timeline",
    "timer_seconds": 45,
    "display_title": null,
    "created_at": "2025-12-30T08:05:21.050Z",
    "updated_at": "2025-12-30T08:05:21.050Z",
    "created_by": null,
    "image_url": null
  },
  {
    "id": "158",
    "subject_id": "3",
    "level_id": "2",
    "question_type_id": "5",
    "question_text": "Mauritius has diverse landscapes",
    "timer_seconds": 20,
    "display_title": null,
    "created_at": "2025-12-30T08:05:21.050Z",
    "updated_at": "2025-12-30T08:05:21.050Z",
    "created_by": null,
    "image_url": null
  },
  {
    "id": "159",
    "subject_id": "3",
    "level_id": "3",
    "question_type_id": "1",
    "question_text": "The Dutch settlement in 1638 shaped geography",
    "timer_seconds": 35,
    "display_title": null,
    "created_at": "2025-12-30T08:05:21.050Z",
    "updated_at": "2025-12-30T08:05:21.050Z",
    "created_by": null,
    "image_url": null
  },
  {
    "id": "160",
    "subject_id": "3",
    "level_id": "3",
    "question_type_id": "1",
    "question_text": "UNESCO heritage and island identity",
    "timer_seconds": 35,
    "display_title": null,
    "created_at": "2025-12-30T08:05:21.050Z",
    "updated_at": "2025-12-30T08:05:21.050Z",
    "created_by": null,
    "image_url": null
  },
  {
    "id": "161",
    "subject_id": "3",
    "level_id": "3",
    "question_type_id": "2",
    "question_text": "Match complex history-geography",
    "timer_seconds": 40,
    "display_title": null,
    "created_at": "2025-12-30T08:05:21.050Z",
    "updated_at": "2025-12-30T08:05:21.050Z",
    "created_by": null,
    "image_url": null
  },
  {
    "id": "162",
    "subject_id": "3",
    "level_id": "3",
    "question_type_id": "3",
    "question_text": "Colonial periods shaped ___ and culture",
    "timer_seconds": 25,
    "display_title": null,
    "created_at": "2025-12-30T08:05:21.050Z",
    "updated_at": "2025-12-30T08:05:21.050Z",
    "created_by": null,
    "image_url": null
  },
  {
    "id": "163",
    "subject_id": "3",
    "level_id": "3",
    "question_type_id": "4",
    "question_text": "Complex timeline",
    "timer_seconds": 45,
    "display_title": null,
    "created_at": "2025-12-30T08:05:21.050Z",
    "updated_at": "2025-12-30T08:05:21.050Z",
    "created_by": null,
    "image_url": null
  },
  {
    "id": "164",
    "subject_id": "3",
    "level_id": "3",
    "question_type_id": "5",
    "question_text": "Island history defines modern Mauritius",
    "timer_seconds": 20,
    "display_title": null,
    "created_at": "2025-12-30T08:05:21.050Z",
    "updated_at": "2025-12-30T08:05:21.050Z",
    "created_by": null,
    "image_url": null
  }
]