[
  {
    "id": "1",
    "name": "history",
    "description": "History of Mauritius",
    "created_at": "2025-11-24T12:43:41.093Z"
  },
  {
    "id": "2",
    "name": "geography",
    "description": "Geography of Mauritius",
    "created_at": "2025-11-24T12:43:41.093Z"
  },
  {
    "id": "3",
    "name": "combined",
    "description": "Combined History and Geography",
    "created_at": "2025-11-24T12:43:41.093Z"
  },
  {
    "id": "4",
    "name": "History",
    "description": "Learn about the history of Mauritius",
    "created_at": "2025-12-30T08:05:19.768Z"
  },
  {
    "id": "5",
    "name": "Geography",
    "description": "Learn about the geography of Mauritius",
    "created_at": "2025-12-30T08:05:19.768Z"
  },
  {
    "id": "6",
    "name": "Combined",
    "description": "Learn both history and geography of Mauritius",
    "created_at": "2025-12-30T08:05:19.768Z"
  }
]