-- Database backup created at 2026-01-08T14:43:59.136Z
-- Run this script to restore the database

-- Table: subjects (6 rows)
INSERT INTO subjects (id, name, description, created_at) VALUES ('1', 'history', 'History of Mauritius', '2025-11-24T12:43:41.093Z') ON CONFLICT DO NOTHING;
INSERT INTO subjects (id, name, description, created_at) VALUES ('2', 'geography', 'Geography of Mauritius', '2025-11-24T12:43:41.093Z') ON CONFLICT DO NOTHING;
INSERT INTO subjects (id, name, description, created_at) VALUES ('3', 'combined', 'Combined History and Geography', '2025-11-24T12:43:41.093Z') ON CONFLICT DO NOTHING;
INSERT INTO subjects (id, name, description, created_at) VALUES ('4', 'History', 'Learn about the history of Mauritius', '2025-12-30T08:05:19.768Z') ON CONFLICT DO NOTHING;
INSERT INTO subjects (id, name, description, created_at) VALUES ('5', 'Geography', 'Learn about the geography of Mauritius', '2025-12-30T08:05:19.768Z') ON CONFLICT DO NOTHING;
INSERT INTO subjects (id, name, description, created_at) VALUES ('6', 'Combined', 'Learn both history and geography of Mauritius', '2025-12-30T08:05:19.768Z') ON CONFLICT DO NOTHING;

-- Table: levels (3 rows)
INSERT INTO levels (id, level_number, name, description, difficulty, created_at) VALUES ('1', 1, 'Level 1', NULL, 'Beginner', '2025-11-24T12:43:41.093Z') ON CONFLICT DO NOTHING;
INSERT INTO levels (id, level_number, name, description, difficulty, created_at) VALUES ('2', 2, 'Level 2', NULL, 'Intermediate', '2025-11-24T12:43:41.093Z') ON CONFLICT DO NOTHING;
INSERT INTO levels (id, level_number, name, description, difficulty, created_at) VALUES ('3', 3, 'Level 3', NULL, 'Advanced', '2025-11-24T12:43:41.093Z') ON CONFLICT DO NOTHING;

-- Table: question_types (5 rows)
INSERT INTO question_types (id, name, description, created_at) VALUES ('1', 'mcq', 'Multiple Choice Question', '2025-11-24T12:43:41.093Z') ON CONFLICT DO NOTHING;
INSERT INTO question_types (id, name, description, created_at) VALUES ('2', 'matching', 'Matching Pairs', '2025-11-24T12:43:41.093Z') ON CONFLICT DO NOTHING;
INSERT INTO question_types (id, name, description, created_at) VALUES ('3', 'fill', 'Fill in the Blanks', '2025-11-24T12:43:41.093Z') ON CONFLICT DO NOTHING;
INSERT INTO question_types (id, name, description, created_at) VALUES ('4', 'reorder', 'Put in Order', '2025-11-24T12:43:41.093Z') ON CONFLICT DO NOTHING;
INSERT INTO question_types (id, name, description, created_at) VALUES ('5', 'truefalse', 'True or False', '2025-11-24T12:43:41.093Z') ON CONFLICT DO NOTHING;

-- Table: questions (164 rows)
INSERT INTO questions (id, subject_id, level_id, question_type_id, question_text, timer_seconds, display_title, created_at, updated_at, created_by, image_url) VALUES ('1', '1', '1', '1', 'What is the capital of Mauritius?', 30, NULL, '2025-11-24T12:44:56.848Z', '2025-11-24T12:44:56.848Z', NULL, NULL) ON CONFLICT DO NOTHING;
INSERT INTO questions (id, subject_id, level_id, question_type_id, question_text, timer_seconds, display_title, created_at, updated_at, created_by, image_url) VALUES ('2', '1', '1', '1', 'In what year did Mauritius gain independence?', 30, NULL, '2025-11-24T12:44:56.848Z', '2025-11-24T12:44:56.848Z', NULL, NULL) ON CONFLICT DO NOTHING;
INSERT INTO questions (id, subject_id, level_id, question_type_id, question_text, timer_seconds, display_title, created_at, updated_at, created_by, image_url) VALUES ('3', '1', '1', '2', 'Match the historical facts', 40, NULL, '2025-11-24T12:44:56.848Z', '2025-11-24T12:44:56.848Z', NULL, NULL) ON CONFLICT DO NOTHING;
INSERT INTO questions (id, subject_id, level_id, question_type_id, question_text, timer_seconds, display_title, created_at, updated_at, created_by, image_url) VALUES ('4', '1', '1', '3', 'The Dodo bird was found in ___', 25, NULL, '2025-11-24T12:44:56.848Z', '2025-11-24T12:44:56.848Z', NULL, NULL) ON CONFLICT DO NOTHING;
INSERT INTO questions (id, subject_id, level_id, question_type_id, question_text, timer_seconds, display_title, created_at, updated_at, created_by, image_url) VALUES ('5', '1', '1', '4', 'Put in Order', 45, NULL, '2025-11-24T12:44:56.848Z', '2025-11-24T12:44:56.848Z', NULL, NULL) ON CONFLICT DO NOTHING;
INSERT INTO questions (id, subject_id, level_id, question_type_id, question_text, timer_seconds, display_title, created_at, updated_at, created_by, image_url) VALUES ('6', '1', '1', '5', 'Mauritius gained independence in 1960', 20, NULL, '2025-11-24T12:44:56.848Z', '2025-11-24T12:44:56.848Z', NULL, NULL) ON CONFLICT DO NOTHING;
INSERT INTO questions (id, subject_id, level_id, question_type_id, question_text, timer_seconds, display_title, created_at, updated_at, created_by, image_url) VALUES ('7', '1', '2', '1', 'What traditional dance is famous in Mauritius?', 30, NULL, '2025-11-24T12:44:56.848Z', '2025-11-24T12:44:56.848Z', NULL, NULL) ON CONFLICT DO NOTHING;
INSERT INTO questions (id, subject_id, level_id, question_type_id, question_text, timer_seconds, display_title, created_at, updated_at, created_by, image_url) VALUES ('8', '1', '2', '1', 'Which year saw the arrival of the French in Mauritius?', 30, NULL, '2025-11-24T12:44:56.848Z', '2025-11-24T12:44:56.848Z', NULL, NULL) ON CONFLICT DO NOTHING;
INSERT INTO questions (id, subject_id, level_id, question_type_id, question_text, timer_seconds, display_title, created_at, updated_at, created_by, image_url) VALUES ('9', '1', '2', '2', 'Match cultural and historical sites', 40, NULL, '2025-11-24T12:44:56.848Z', '2025-11-24T12:44:56.848Z', NULL, NULL) ON CONFLICT DO NOTHING;
INSERT INTO questions (id, subject_id, level_id, question_type_id, question_text, timer_seconds, display_title, created_at, updated_at, created_by, image_url) VALUES ('10', '1', '2', '3', 'Le Morne Brabant is a ___ mountain', 25, NULL, '2025-11-24T12:44:56.848Z', '2025-11-24T12:44:56.848Z', NULL, NULL) ON CONFLICT DO NOTHING;
INSERT INTO questions (id, subject_id, level_id, question_type_id, question_text, timer_seconds, display_title, created_at, updated_at, created_by, image_url) VALUES ('11', '1', '2', '4', 'Put historical periods in order', 45, NULL, '2025-11-24T12:44:56.848Z', '2025-11-24T12:44:56.848Z', NULL, NULL) ON CONFLICT DO NOTHING;
INSERT INTO questions (id, subject_id, level_id, question_type_id, question_text, timer_seconds, display_title, created_at, updated_at, created_by, image_url) VALUES ('12', '1', '2', '5', 'Sugar was never important in Mauritius', 20, NULL, '2025-11-24T12:44:56.848Z', '2025-11-24T12:44:56.848Z', NULL, NULL) ON CONFLICT DO NOTHING;
INSERT INTO questions (id, subject_id, level_id, question_type_id, question_text, timer_seconds, display_title, created_at, updated_at, created_by, image_url) VALUES ('13', '1', '3', '1', 'What is the Aapravasi Ghat?', 35, NULL, '2025-11-24T12:44:56.848Z', '2025-11-24T12:44:56.848Z', NULL, NULL) ON CONFLICT DO NOTHING;
INSERT INTO questions (id, subject_id, level_id, question_type_id, question_text, timer_seconds, display_title, created_at, updated_at, created_by, image_url) VALUES ('14', '1', '3', '1', 'In what year did the Dutch settle?', 35, NULL, '2025-11-24T12:44:56.848Z', '2025-11-24T12:44:56.848Z', NULL, NULL) ON CONFLICT DO NOTHING;
INSERT INTO questions (id, subject_id, level_id, question_type_id, question_text, timer_seconds, display_title, created_at, updated_at, created_by, image_url) VALUES ('15', '1', '3', '2', 'Match advanced historical facts', 40, NULL, '2025-11-24T12:44:56.848Z', '2025-11-24T12:44:56.848Z', NULL, NULL) ON CONFLICT DO NOTHING;
INSERT INTO questions (id, subject_id, level_id, question_type_id, question_text, timer_seconds, display_title, created_at, updated_at, created_by, image_url) VALUES ('16', '1', '3', '3', 'The ___ arrived in 1638', 25, NULL, '2025-11-24T12:44:56.848Z', '2025-11-24T12:44:56.848Z', NULL, NULL) ON CONFLICT DO NOTHING;
INSERT INTO questions (id, subject_id, level_id, question_type_id, question_text, timer_seconds, display_title, created_at, updated_at, created_by, image_url) VALUES ('17', '1', '3', '4', 'Colonial periods in order', 45, NULL, '2025-11-24T12:44:56.848Z', '2025-11-24T12:44:56.848Z', NULL, NULL) ON CONFLICT DO NOTHING;
INSERT INTO questions (id, subject_id, level_id, question_type_id, question_text, timer_seconds, display_title, created_at, updated_at, created_by, image_url) VALUES ('18', '1', '3', '5', 'Mauritius was inhabited before European settlement', 20, NULL, '2025-11-24T12:44:56.848Z', '2025-11-24T12:44:56.848Z', NULL, NULL) ON CONFLICT DO NOTHING;
INSERT INTO questions (id, subject_id, level_id, question_type_id, question_text, timer_seconds, display_title, created_at, updated_at, created_by, image_url) VALUES ('19', '2', '1', '1', 'In which ocean is Mauritius located?', 30, NULL, '2025-11-24T12:44:56.848Z', '2025-11-24T12:44:56.848Z', NULL, NULL) ON CONFLICT DO NOTHING;
INSERT INTO questions (id, subject_id, level_id, question_type_id, question_text, timer_seconds, display_title, created_at, updated_at, created_by, image_url) VALUES ('20', '2', '1', '1', 'What is the capital of Mauritius?', 30, NULL, '2025-11-24T12:44:56.848Z', '2025-11-24T12:44:56.848Z', NULL, NULL) ON CONFLICT DO NOTHING;
INSERT INTO questions (id, subject_id, level_id, question_type_id, question_text, timer_seconds, display_title, created_at, updated_at, created_by, image_url) VALUES ('21', '2', '1', '2', 'Match geography basics', 40, NULL, '2025-11-24T12:44:56.848Z', '2025-11-24T12:44:56.848Z', NULL, NULL) ON CONFLICT DO NOTHING;
INSERT INTO questions (id, subject_id, level_id, question_type_id, question_text, timer_seconds, display_title, created_at, updated_at, created_by, image_url) VALUES ('22', '2', '1', '3', 'Mauritius is surrounded by the ___ Ocean', 25, NULL, '2025-11-24T12:44:56.848Z', '2025-11-24T12:44:56.848Z', NULL, NULL) ON CONFLICT DO NOTHING;
INSERT INTO questions (id, subject_id, level_id, question_type_id, question_text, timer_seconds, display_title, created_at, updated_at, created_by, image_url) VALUES ('23', '2', '1', '4', 'Geographic hierarchy', 45, NULL, '2025-11-24T12:44:56.848Z', '2025-11-24T12:44:56.848Z', NULL, NULL) ON CONFLICT DO NOTHING;
INSERT INTO questions (id, subject_id, level_id, question_type_id, question_text, timer_seconds, display_title, created_at, updated_at, created_by, image_url) VALUES ('24', '2', '1', '5', 'Mauritius is in the Pacific Ocean', 20, NULL, '2025-11-24T12:44:56.848Z', '2025-11-24T12:44:56.848Z', NULL, NULL) ON CONFLICT DO NOTHING;
INSERT INTO questions (id, subject_id, level_id, question_type_id, question_text, timer_seconds, display_title, created_at, updated_at, created_by, image_url) VALUES ('25', '2', '2', '1', 'What is the Seven Colored Earth?', 30, NULL, '2025-11-24T12:44:56.848Z', '2025-11-24T12:44:56.848Z', NULL, NULL) ON CONFLICT DO NOTHING;
INSERT INTO questions (id, subject_id, level_id, question_type_id, question_text, timer_seconds, display_title, created_at, updated_at, created_by, image_url) VALUES ('26', '2', '2', '1', 'Where is the Seven Colored Earth located?', 30, NULL, '2025-11-24T12:44:56.848Z', '2025-11-24T12:44:56.848Z', NULL, NULL) ON CONFLICT DO NOTHING;
INSERT INTO questions (id, subject_id, level_id, question_type_id, question_text, timer_seconds, display_title, created_at, updated_at, created_by, image_url) VALUES ('27', '2', '2', '2', 'Match geographic landmarks', 40, NULL, '2025-11-24T12:44:56.848Z', '2025-11-24T12:44:56.848Z', NULL, NULL) ON CONFLICT DO NOTHING;
INSERT INTO questions (id, subject_id, level_id, question_type_id, question_text, timer_seconds, display_title, created_at, updated_at, created_by, image_url) VALUES ('28', '2', '2', '3', 'The Seven Colored Earth is in ___', 25, NULL, '2025-11-24T12:44:56.848Z', '2025-11-24T12:44:56.848Z', NULL, NULL) ON CONFLICT DO NOTHING;
INSERT INTO questions (id, subject_id, level_id, question_type_id, question_text, timer_seconds, display_title, created_at, updated_at, created_by, image_url) VALUES ('29', '2', '2', '4', 'Geographic regions', 45, NULL, '2025-11-24T12:44:56.848Z', '2025-11-24T12:44:56.848Z', NULL, NULL) ON CONFLICT DO NOTHING;
INSERT INTO questions (id, subject_id, level_id, question_type_id, question_text, timer_seconds, display_title, created_at, updated_at, created_by, image_url) VALUES ('30', '2', '2', '5', 'The Pamplemousses is an ancient temple', 20, NULL, '2025-11-24T12:44:56.848Z', '2025-11-24T12:44:56.848Z', NULL, NULL) ON CONFLICT DO NOTHING;
INSERT INTO questions (id, subject_id, level_id, question_type_id, question_text, timer_seconds, display_title, created_at, updated_at, created_by, image_url) VALUES ('31', '2', '3', '1', 'What is the highest mountain?', 35, NULL, '2025-11-24T12:44:56.848Z', '2025-11-24T12:44:56.848Z', NULL, NULL) ON CONFLICT DO NOTHING;
INSERT INTO questions (id, subject_id, level_id, question_type_id, question_text, timer_seconds, display_title, created_at, updated_at, created_by, image_url) VALUES ('32', '2', '3', '1', 'Which area has the Central Plateau?', 35, NULL, '2025-11-24T12:44:56.848Z', '2025-11-24T12:44:56.848Z', NULL, NULL) ON CONFLICT DO NOTHING;
INSERT INTO questions (id, subject_id, level_id, question_type_id, question_text, timer_seconds, display_title, created_at, updated_at, created_by, image_url) VALUES ('33', '2', '3', '2', 'Match advanced geography', 40, NULL, '2025-11-24T12:44:56.848Z', '2025-11-24T12:44:56.848Z', NULL, NULL) ON CONFLICT DO NOTHING;
INSERT INTO questions (id, subject_id, level_id, question_type_id, question_text, timer_seconds, display_title, created_at, updated_at, created_by, image_url) VALUES ('34', '2', '3', '3', 'The ___ is the main geographic plateau', 25, NULL, '2025-11-24T12:44:56.848Z', '2025-11-24T12:44:56.848Z', NULL, NULL) ON CONFLICT DO NOTHING;
INSERT INTO questions (id, subject_id, level_id, question_type_id, question_text, timer_seconds, display_title, created_at, updated_at, created_by, image_url) VALUES ('35', '2', '3', '4', 'Landscape types', 45, NULL, '2025-11-24T12:44:56.848Z', '2025-11-24T12:44:56.848Z', NULL, NULL) ON CONFLICT DO NOTHING;
INSERT INTO questions (id, subject_id, level_id, question_type_id, question_text, timer_seconds, display_title, created_at, updated_at, created_by, image_url) VALUES ('36', '2', '3', '5', 'Mauritius has no mountains', 20, NULL, '2025-11-24T12:44:56.848Z', '2025-11-24T12:44:56.848Z', NULL, NULL) ON CONFLICT DO NOTHING;
INSERT INTO questions (id, subject_id, level_id, question_type_id, question_text, timer_seconds, display_title, created_at, updated_at, created_by, image_url) VALUES ('37', '3', '1', '1', 'Mauritius is in the ___ Ocean and gained independence in ___', 30, NULL, '2025-11-24T12:44:56.848Z', '2025-11-24T12:44:56.848Z', NULL, NULL) ON CONFLICT DO NOTHING;
INSERT INTO questions (id, subject_id, level_id, question_type_id, question_text, timer_seconds, display_title, created_at, updated_at, created_by, image_url) VALUES ('38', '3', '1', '1', 'What is unique about the Dodo bird?', 30, NULL, '2025-11-24T12:44:56.848Z', '2025-11-24T12:44:56.848Z', NULL, NULL) ON CONFLICT DO NOTHING;
INSERT INTO questions (id, subject_id, level_id, question_type_id, question_text, timer_seconds, display_title, created_at, updated_at, created_by, image_url) VALUES ('39', '3', '1', '2', 'Match combined facts', 40, NULL, '2025-11-24T12:44:56.848Z', '2025-11-24T12:44:56.848Z', NULL, NULL) ON CONFLICT DO NOTHING;
INSERT INTO questions (id, subject_id, level_id, question_type_id, question_text, timer_seconds, display_title, created_at, updated_at, created_by, image_url) VALUES ('40', '3', '1', '3', '___ is the capital in the Indian Ocean', 25, NULL, '2025-11-24T12:44:56.848Z', '2025-11-24T12:44:56.848Z', NULL, NULL) ON CONFLICT DO NOTHING;
INSERT INTO questions (id, subject_id, level_id, question_type_id, question_text, timer_seconds, display_title, created_at, updated_at, created_by, image_url) VALUES ('41', '3', '1', '4', 'Historical timeline', 45, NULL, '2025-11-24T12:44:56.848Z', '2025-11-24T12:44:56.848Z', NULL, NULL) ON CONFLICT DO NOTHING;
INSERT INTO questions (id, subject_id, level_id, question_type_id, question_text, timer_seconds, display_title, created_at, updated_at, created_by, image_url) VALUES ('42', '3', '1', '5', 'Mauritius is a large continent', 20, NULL, '2025-11-24T12:44:56.848Z', '2025-11-24T12:44:56.848Z', NULL, NULL) ON CONFLICT DO NOTHING;
INSERT INTO questions (id, subject_id, level_id, question_type_id, question_text, timer_seconds, display_title, created_at, updated_at, created_by, image_url) VALUES ('43', '3', '2', '1', 'Aapravasi Ghat and Le Morne are UNESCO sites', 30, NULL, '2025-11-24T12:44:56.848Z', '2025-11-24T12:44:56.848Z', NULL, NULL) ON CONFLICT DO NOTHING;
INSERT INTO questions (id, subject_id, level_id, question_type_id, question_text, timer_seconds, display_title, created_at, updated_at, created_by, image_url) VALUES ('44', '3', '2', '1', 'What connects history and geography?', 30, NULL, '2025-11-24T12:44:56.848Z', '2025-11-24T12:44:56.848Z', NULL, NULL) ON CONFLICT DO NOTHING;
INSERT INTO questions (id, subject_id, level_id, question_type_id, question_text, timer_seconds, display_title, created_at, updated_at, created_by, image_url) VALUES ('45', '3', '2', '2', 'Match history and geography', 40, NULL, '2025-11-24T12:44:56.848Z', '2025-11-24T12:44:56.848Z', NULL, NULL) ON CONFLICT DO NOTHING;
INSERT INTO questions (id, subject_id, level_id, question_type_id, question_text, timer_seconds, display_title, created_at, updated_at, created_by, image_url) VALUES ('46', '3', '2', '3', 'Sega is a traditional ___ of Mauritius', 25, NULL, '2025-11-24T12:44:56.848Z', '2025-11-24T12:44:56.848Z', NULL, NULL) ON CONFLICT DO NOTHING;
INSERT INTO questions (id, subject_id, level_id, question_type_id, question_text, timer_seconds, display_title, created_at, updated_at, created_by, image_url) VALUES ('47', '3', '2', '4', 'Development timeline', 45, NULL, '2025-11-24T12:44:56.848Z', '2025-11-24T12:44:56.848Z', NULL, NULL) ON CONFLICT DO NOTHING;
INSERT INTO questions (id, subject_id, level_id, question_type_id, question_text, timer_seconds, display_title, created_at, updated_at, created_by, image_url) VALUES ('48', '3', '2', '5', 'Mauritius has diverse landscapes', 20, NULL, '2025-11-24T12:44:56.848Z', '2025-11-24T12:44:56.848Z', NULL, NULL) ON CONFLICT DO NOTHING;
INSERT INTO questions (id, subject_id, level_id, question_type_id, question_text, timer_seconds, display_title, created_at, updated_at, created_by, image_url) VALUES ('49', '3', '3', '1', 'The Dutch settlement in 1638 shaped geography', 35, NULL, '2025-11-24T12:44:56.848Z', '2025-11-24T12:44:56.848Z', NULL, NULL) ON CONFLICT DO NOTHING;
INSERT INTO questions (id, subject_id, level_id, question_type_id, question_text, timer_seconds, display_title, created_at, updated_at, created_by, image_url) VALUES ('50', '3', '3', '1', 'UNESCO heritage and island identity', 35, NULL, '2025-11-24T12:44:56.848Z', '2025-11-24T12:44:56.848Z', NULL, NULL) ON CONFLICT DO NOTHING;
INSERT INTO questions (id, subject_id, level_id, question_type_id, question_text, timer_seconds, display_title, created_at, updated_at, created_by, image_url) VALUES ('51', '3', '3', '2', 'Match complex history-geography', 40, NULL, '2025-11-24T12:44:56.848Z', '2025-11-24T12:44:56.848Z', NULL, NULL) ON CONFLICT DO NOTHING;
INSERT INTO questions (id, subject_id, level_id, question_type_id, question_text, timer_seconds, display_title, created_at, updated_at, created_by, image_url) VALUES ('52', '3', '3', '3', 'Colonial periods shaped ___ and culture', 25, NULL, '2025-11-24T12:44:56.848Z', '2025-11-24T12:44:56.848Z', NULL, NULL) ON CONFLICT DO NOTHING;
INSERT INTO questions (id, subject_id, level_id, question_type_id, question_text, timer_seconds, display_title, created_at, updated_at, created_by, image_url) VALUES ('53', '3', '3', '4', 'Complex timeline', 45, NULL, '2025-11-24T12:44:56.848Z', '2025-11-24T12:44:56.848Z', NULL, NULL) ON CONFLICT DO NOTHING;
INSERT INTO questions (id, subject_id, level_id, question_type_id, question_text, timer_seconds, display_title, created_at, updated_at, created_by, image_url) VALUES ('54', '3', '3', '5', 'Island history defines modern Mauritius', 20, NULL, '2025-11-24T12:44:56.848Z', '2025-11-24T12:44:56.848Z', NULL, NULL) ON CONFLICT DO NOTHING;
INSERT INTO questions (id, subject_id, level_id, question_type_id, question_text, timer_seconds, display_title, created_at, updated_at, created_by, image_url) VALUES ('55', '1', '1', '1', 'What is the capital of Mauritius?', 30, NULL, '2025-11-24T12:45:07.238Z', '2025-11-24T12:45:07.238Z', NULL, NULL) ON CONFLICT DO NOTHING;
INSERT INTO questions (id, subject_id, level_id, question_type_id, question_text, timer_seconds, display_title, created_at, updated_at, created_by, image_url) VALUES ('56', '1', '1', '1', 'In what year did Mauritius gain independence?', 30, NULL, '2025-11-24T12:45:07.238Z', '2025-11-24T12:45:07.238Z', NULL, NULL) ON CONFLICT DO NOTHING;
INSERT INTO questions (id, subject_id, level_id, question_type_id, question_text, timer_seconds, display_title, created_at, updated_at, created_by, image_url) VALUES ('57', '1', '1', '2', 'Match the historical facts', 40, NULL, '2025-11-24T12:45:07.238Z', '2025-11-24T12:45:07.238Z', NULL, NULL) ON CONFLICT DO NOTHING;
INSERT INTO questions (id, subject_id, level_id, question_type_id, question_text, timer_seconds, display_title, created_at, updated_at, created_by, image_url) VALUES ('58', '1', '1', '3', 'The Dodo bird was found in ___', 25, NULL, '2025-11-24T12:45:07.238Z', '2025-11-24T12:45:07.238Z', NULL, NULL) ON CONFLICT DO NOTHING;
INSERT INTO questions (id, subject_id, level_id, question_type_id, question_text, timer_seconds, display_title, created_at, updated_at, created_by, image_url) VALUES ('59', '1', '1', '4', 'Put in Order', 45, NULL, '2025-11-24T12:45:07.238Z', '2025-11-24T12:45:07.238Z', NULL, NULL) ON CONFLICT DO NOTHING;
INSERT INTO questions (id, subject_id, level_id, question_type_id, question_text, timer_seconds, display_title, created_at, updated_at, created_by, image_url) VALUES ('60', '1', '1', '5', 'Mauritius gained independence in 1960', 20, NULL, '2025-11-24T12:45:07.238Z', '2025-11-24T12:45:07.238Z', NULL, NULL) ON CONFLICT DO NOTHING;
INSERT INTO questions (id, subject_id, level_id, question_type_id, question_text, timer_seconds, display_title, created_at, updated_at, created_by, image_url) VALUES ('61', '1', '2', '1', 'What traditional dance is famous in Mauritius?', 30, NULL, '2025-11-24T12:45:07.238Z', '2025-11-24T12:45:07.238Z', NULL, NULL) ON CONFLICT DO NOTHING;
INSERT INTO questions (id, subject_id, level_id, question_type_id, question_text, timer_seconds, display_title, created_at, updated_at, created_by, image_url) VALUES ('62', '1', '2', '1', 'Which year saw the arrival of the French in Mauritius?', 30, NULL, '2025-11-24T12:45:07.238Z', '2025-11-24T12:45:07.238Z', NULL, NULL) ON CONFLICT DO NOTHING;
INSERT INTO questions (id, subject_id, level_id, question_type_id, question_text, timer_seconds, display_title, created_at, updated_at, created_by, image_url) VALUES ('63', '1', '2', '2', 'Match cultural and historical sites', 40, NULL, '2025-11-24T12:45:07.238Z', '2025-11-24T12:45:07.238Z', NULL, NULL) ON CONFLICT DO NOTHING;
INSERT INTO questions (id, subject_id, level_id, question_type_id, question_text, timer_seconds, display_title, created_at, updated_at, created_by, image_url) VALUES ('64', '1', '2', '3', 'Le Morne Brabant is a ___ mountain', 25, NULL, '2025-11-24T12:45:07.238Z', '2025-11-24T12:45:07.238Z', NULL, NULL) ON CONFLICT DO NOTHING;
INSERT INTO questions (id, subject_id, level_id, question_type_id, question_text, timer_seconds, display_title, created_at, updated_at, created_by, image_url) VALUES ('65', '1', '2', '4', 'Put historical periods in order', 45, NULL, '2025-11-24T12:45:07.238Z', '2025-11-24T12:45:07.238Z', NULL, NULL) ON CONFLICT DO NOTHING;
INSERT INTO questions (id, subject_id, level_id, question_type_id, question_text, timer_seconds, display_title, created_at, updated_at, created_by, image_url) VALUES ('66', '1', '2', '5', 'Sugar was never important in Mauritius', 20, NULL, '2025-11-24T12:45:07.238Z', '2025-11-24T12:45:07.238Z', NULL, NULL) ON CONFLICT DO NOTHING;
INSERT INTO questions (id, subject_id, level_id, question_type_id, question_text, timer_seconds, display_title, created_at, updated_at, created_by, image_url) VALUES ('67', '1', '3', '1', 'What is the Aapravasi Ghat?', 35, NULL, '2025-11-24T12:45:07.238Z', '2025-11-24T12:45:07.238Z', NULL, NULL) ON CONFLICT DO NOTHING;
INSERT INTO questions (id, subject_id, level_id, question_type_id, question_text, timer_seconds, display_title, created_at, updated_at, created_by, image_url) VALUES ('68', '1', '3', '1', 'In what year did the Dutch settle?', 35, NULL, '2025-11-24T12:45:07.238Z', '2025-11-24T12:45:07.238Z', NULL, NULL) ON CONFLICT DO NOTHING;
INSERT INTO questions (id, subject_id, level_id, question_type_id, question_text, timer_seconds, display_title, created_at, updated_at, created_by, image_url) VALUES ('69', '1', '3', '2', 'Match advanced historical facts', 40, NULL, '2025-11-24T12:45:07.238Z', '2025-11-24T12:45:07.238Z', NULL, NULL) ON CONFLICT DO NOTHING;
INSERT INTO questions (id, subject_id, level_id, question_type_id, question_text, timer_seconds, display_title, created_at, updated_at, created_by, image_url) VALUES ('70', '1', '3', '3', 'The ___ arrived in 1638', 25, NULL, '2025-11-24T12:45:07.238Z', '2025-11-24T12:45:07.238Z', NULL, NULL) ON CONFLICT DO NOTHING;
INSERT INTO questions (id, subject_id, level_id, question_type_id, question_text, timer_seconds, display_title, created_at, updated_at, created_by, image_url) VALUES ('71', '1', '3', '4', 'Colonial periods in order', 45, NULL, '2025-11-24T12:45:07.238Z', '2025-11-24T12:45:07.238Z', NULL, NULL) ON CONFLICT DO NOTHING;
INSERT INTO questions (id, subject_id, level_id, question_type_id, question_text, timer_seconds, display_title, created_at, updated_at, created_by, image_url) VALUES ('72', '1', '3', '5', 'Mauritius was inhabited before European settlement', 20, NULL, '2025-11-24T12:45:07.238Z', '2025-11-24T12:45:07.238Z', NULL, NULL) ON CONFLICT DO NOTHING;
INSERT INTO questions (id, subject_id, level_id, question_type_id, question_text, timer_seconds, display_title, created_at, updated_at, created_by, image_url) VALUES ('73', '2', '1', '1', 'In which ocean is Mauritius located?', 30, NULL, '2025-11-24T12:45:07.238Z', '2025-11-24T12:45:07.238Z', NULL, NULL) ON CONFLICT DO NOTHING;
INSERT INTO questions (id, subject_id, level_id, question_type_id, question_text, timer_seconds, display_title, created_at, updated_at, created_by, image_url) VALUES ('74', '2', '1', '1', 'What is the capital of Mauritius?', 30, NULL, '2025-11-24T12:45:07.238Z', '2025-11-24T12:45:07.238Z', NULL, NULL) ON CONFLICT DO NOTHING;
INSERT INTO questions (id, subject_id, level_id, question_type_id, question_text, timer_seconds, display_title, created_at, updated_at, created_by, image_url) VALUES ('75', '2', '1', '2', 'Match geography basics', 40, NULL, '2025-11-24T12:45:07.238Z', '2025-11-24T12:45:07.238Z', NULL, NULL) ON CONFLICT DO NOTHING;
INSERT INTO questions (id, subject_id, level_id, question_type_id, question_text, timer_seconds, display_title, created_at, updated_at, created_by, image_url) VALUES ('76', '2', '1', '3', 'Mauritius is surrounded by the ___ Ocean', 25, NULL, '2025-11-24T12:45:07.238Z', '2025-11-24T12:45:07.238Z', NULL, NULL) ON CONFLICT DO NOTHING;
INSERT INTO questions (id, subject_id, level_id, question_type_id, question_text, timer_seconds, display_title, created_at, updated_at, created_by, image_url) VALUES ('77', '2', '1', '4', 'Geographic hierarchy', 45, NULL, '2025-11-24T12:45:07.238Z', '2025-11-24T12:45:07.238Z', NULL, NULL) ON CONFLICT DO NOTHING;
INSERT INTO questions (id, subject_id, level_id, question_type_id, question_text, timer_seconds, display_title, created_at, updated_at, created_by, image_url) VALUES ('78', '2', '1', '5', 'Mauritius is in the Pacific Ocean', 20, NULL, '2025-11-24T12:45:07.238Z', '2025-11-24T12:45:07.238Z', NULL, NULL) ON CONFLICT DO NOTHING;
INSERT INTO questions (id, subject_id, level_id, question_type_id, question_text, timer_seconds, display_title, created_at, updated_at, created_by, image_url) VALUES ('79', '2', '2', '1', 'What is the Seven Colored Earth?', 30, NULL, '2025-11-24T12:45:07.238Z', '2025-11-24T12:45:07.238Z', NULL, NULL) ON CONFLICT DO NOTHING;
INSERT INTO questions (id, subject_id, level_id, question_type_id, question_text, timer_seconds, display_title, created_at, updated_at, created_by, image_url) VALUES ('80', '2', '2', '1', 'Where is the Seven Colored Earth located?', 30, NULL, '2025-11-24T12:45:07.238Z', '2025-11-24T12:45:07.238Z', NULL, NULL) ON CONFLICT DO NOTHING;
INSERT INTO questions (id, subject_id, level_id, question_type_id, question_text, timer_seconds, display_title, created_at, updated_at, created_by, image_url) VALUES ('81', '2', '2', '2', 'Match geographic landmarks', 40, NULL, '2025-11-24T12:45:07.238Z', '2025-11-24T12:45:07.238Z', NULL, NULL) ON CONFLICT DO NOTHING;
INSERT INTO questions (id, subject_id, level_id, question_type_id, question_text, timer_seconds, display_title, created_at, updated_at, created_by, image_url) VALUES ('82', '2', '2', '3', 'The Seven Colored Earth is in ___', 25, NULL, '2025-11-24T12:45:07.238Z', '2025-11-24T12:45:07.238Z', NULL, NULL) ON CONFLICT DO NOTHING;
INSERT INTO questions (id, subject_id, level_id, question_type_id, question_text, timer_seconds, display_title, created_at, updated_at, created_by, image_url) VALUES ('83', '2', '2', '4', 'Geographic regions', 45, NULL, '2025-11-24T12:45:07.238Z', '2025-11-24T12:45:07.238Z', NULL, NULL) ON CONFLICT DO NOTHING;
INSERT INTO questions (id, subject_id, level_id, question_type_id, question_text, timer_seconds, display_title, created_at, updated_at, created_by, image_url) VALUES ('84', '2', '2', '5', 'The Pamplemousses is an ancient temple', 20, NULL, '2025-11-24T12:45:07.238Z', '2025-11-24T12:45:07.238Z', NULL, NULL) ON CONFLICT DO NOTHING;
INSERT INTO questions (id, subject_id, level_id, question_type_id, question_text, timer_seconds, display_title, created_at, updated_at, created_by, image_url) VALUES ('85', '2', '3', '1', 'What is the highest mountain?', 35, NULL, '2025-11-24T12:45:07.238Z', '2025-11-24T12:45:07.238Z', NULL, NULL) ON CONFLICT DO NOTHING;
INSERT INTO questions (id, subject_id, level_id, question_type_id, question_text, timer_seconds, display_title, created_at, updated_at, created_by, image_url) VALUES ('86', '2', '3', '1', 'Which area has the Central Plateau?', 35, NULL, '2025-11-24T12:45:07.238Z', '2025-11-24T12:45:07.238Z', NULL, NULL) ON CONFLICT DO NOTHING;
INSERT INTO questions (id, subject_id, level_id, question_type_id, question_text, timer_seconds, display_title, created_at, updated_at, created_by, image_url) VALUES ('87', '2', '3', '2', 'Match advanced geography', 40, NULL, '2025-11-24T12:45:07.238Z', '2025-11-24T12:45:07.238Z', NULL, NULL) ON CONFLICT DO NOTHING;
INSERT INTO questions (id, subject_id, level_id, question_type_id, question_text, timer_seconds, display_title, created_at, updated_at, created_by, image_url) VALUES ('88', '2', '3', '3', 'The ___ is the main geographic plateau', 25, NULL, '2025-11-24T12:45:07.238Z', '2025-11-24T12:45:07.238Z', NULL, NULL) ON CONFLICT DO NOTHING;
INSERT INTO questions (id, subject_id, level_id, question_type_id, question_text, timer_seconds, display_title, created_at, updated_at, created_by, image_url) VALUES ('89', '2', '3', '4', 'Landscape types', 45, NULL, '2025-11-24T12:45:07.238Z', '2025-11-24T12:45:07.238Z', NULL, NULL) ON CONFLICT DO NOTHING;
INSERT INTO questions (id, subject_id, level_id, question_type_id, question_text, timer_seconds, display_title, created_at, updated_at, created_by, image_url) VALUES ('90', '2', '3', '5', 'Mauritius has no mountains', 20, NULL, '2025-11-24T12:45:07.238Z', '2025-11-24T12:45:07.238Z', NULL, NULL) ON CONFLICT DO NOTHING;
INSERT INTO questions (id, subject_id, level_id, question_type_id, question_text, timer_seconds, display_title, created_at, updated_at, created_by, image_url) VALUES ('91', '3', '1', '1', 'Mauritius is in the ___ Ocean and gained independence in ___', 30, NULL, '2025-11-24T12:45:07.238Z', '2025-11-24T12:45:07.238Z', NULL, NULL) ON CONFLICT DO NOTHING;
INSERT INTO questions (id, subject_id, level_id, question_type_id, question_text, timer_seconds, display_title, created_at, updated_at, created_by, image_url) VALUES ('92', '3', '1', '1', 'What is unique about the Dodo bird?', 30, NULL, '2025-11-24T12:45:07.238Z', '2025-11-24T12:45:07.238Z', NULL, NULL) ON CONFLICT DO NOTHING;
INSERT INTO questions (id, subject_id, level_id, question_type_id, question_text, timer_seconds, display_title, created_at, updated_at, created_by, image_url) VALUES ('93', '3', '1', '2', 'Match combined facts', 40, NULL, '2025-11-24T12:45:07.238Z', '2025-11-24T12:45:07.238Z', NULL, NULL) ON CONFLICT DO NOTHING;
INSERT INTO questions (id, subject_id, level_id, question_type_id, question_text, timer_seconds, display_title, created_at, updated_at, created_by, image_url) VALUES ('94', '3', '1', '3', '___ is the capital in the Indian Ocean', 25, NULL, '2025-11-24T12:45:07.238Z', '2025-11-24T12:45:07.238Z', NULL, NULL) ON CONFLICT DO NOTHING;
INSERT INTO questions (id, subject_id, level_id, question_type_id, question_text, timer_seconds, display_title, created_at, updated_at, created_by, image_url) VALUES ('95', '3', '1', '4', 'Historical timeline', 45, NULL, '2025-11-24T12:45:07.238Z', '2025-11-24T12:45:07.238Z', NULL, NULL) ON CONFLICT DO NOTHING;
INSERT INTO questions (id, subject_id, level_id, question_type_id, question_text, timer_seconds, display_title, created_at, updated_at, created_by, image_url) VALUES ('96', '3', '1', '5', 'Mauritius is a large continent', 20, NULL, '2025-11-24T12:45:07.238Z', '2025-11-24T12:45:07.238Z', NULL, NULL) ON CONFLICT DO NOTHING;
INSERT INTO questions (id, subject_id, level_id, question_type_id, question_text, timer_seconds, display_title, created_at, updated_at, created_by, image_url) VALUES ('97', '3', '2', '1', 'Aapravasi Ghat and Le Morne are UNESCO sites', 30, NULL, '2025-11-24T12:45:07.238Z', '2025-11-24T12:45:07.238Z', NULL, NULL) ON CONFLICT DO NOTHING;
INSERT INTO questions (id, subject_id, level_id, question_type_id, question_text, timer_seconds, display_title, created_at, updated_at, created_by, image_url) VALUES ('98', '3', '2', '1', 'What connects history and geography?', 30, NULL, '2025-11-24T12:45:07.238Z', '2025-11-24T12:45:07.238Z', NULL, NULL) ON CONFLICT DO NOTHING;
INSERT INTO questions (id, subject_id, level_id, question_type_id, question_text, timer_seconds, display_title, created_at, updated_at, created_by, image_url) VALUES ('99', '3', '2', '2', 'Match history and geography', 40, NULL, '2025-11-24T12:45:07.238Z', '2025-11-24T12:45:07.238Z', NULL, NULL) ON CONFLICT DO NOTHING;
INSERT INTO questions (id, subject_id, level_id, question_type_id, question_text, timer_seconds, display_title, created_at, updated_at, created_by, image_url) VALUES ('100', '3', '2', '3', 'Sega is a traditional ___ of Mauritius', 25, NULL, '2025-11-24T12:45:07.238Z', '2025-11-24T12:45:07.238Z', NULL, NULL) ON CONFLICT DO NOTHING;
INSERT INTO questions (id, subject_id, level_id, question_type_id, question_text, timer_seconds, display_title, created_at, updated_at, created_by, image_url) VALUES ('101', '3', '2', '4', 'Development timeline', 45, NULL, '2025-11-24T12:45:07.238Z', '2025-11-24T12:45:07.238Z', NULL, NULL) ON CONFLICT DO NOTHING;
INSERT INTO questions (id, subject_id, level_id, question_type_id, question_text, timer_seconds, display_title, created_at, updated_at, created_by, image_url) VALUES ('102', '3', '2', '5', 'Mauritius has diverse landscapes', 20, NULL, '2025-11-24T12:45:07.238Z', '2025-11-24T12:45:07.238Z', NULL, NULL) ON CONFLICT DO NOTHING;
INSERT INTO questions (id, subject_id, level_id, question_type_id, question_text, timer_seconds, display_title, created_at, updated_at, created_by, image_url) VALUES ('103', '3', '3', '1', 'The Dutch settlement in 1638 shaped geography', 35, NULL, '2025-11-24T12:45:07.238Z', '2025-11-24T12:45:07.238Z', NULL, NULL) ON CONFLICT DO NOTHING;
INSERT INTO questions (id, subject_id, level_id, question_type_id, question_text, timer_seconds, display_title, created_at, updated_at, created_by, image_url) VALUES ('104', '3', '3', '1', 'UNESCO heritage and island identity', 35, NULL, '2025-11-24T12:45:07.238Z', '2025-11-24T12:45:07.238Z', NULL, NULL) ON CONFLICT DO NOTHING;
INSERT INTO questions (id, subject_id, level_id, question_type_id, question_text, timer_seconds, display_title, created_at, updated_at, created_by, image_url) VALUES ('105', '3', '3', '2', 'Match complex history-geography', 40, NULL, '2025-11-24T12:45:07.238Z', '2025-11-24T12:45:07.238Z', NULL, NULL) ON CONFLICT DO NOTHING;
INSERT INTO questions (id, subject_id, level_id, question_type_id, question_text, timer_seconds, display_title, created_at, updated_at, created_by, image_url) VALUES ('106', '3', '3', '3', 'Colonial periods shaped ___ and culture', 25, NULL, '2025-11-24T12:45:07.238Z', '2025-11-24T12:45:07.238Z', NULL, NULL) ON CONFLICT DO NOTHING;
INSERT INTO questions (id, subject_id, level_id, question_type_id, question_text, timer_seconds, display_title, created_at, updated_at, created_by, image_url) VALUES ('107', '3', '3', '4', 'Complex timeline', 45, NULL, '2025-11-24T12:45:07.238Z', '2025-11-24T12:45:07.238Z', NULL, NULL) ON CONFLICT DO NOTHING;
INSERT INTO questions (id, subject_id, level_id, question_type_id, question_text, timer_seconds, display_title, created_at, updated_at, created_by, image_url) VALUES ('108', '3', '3', '5', 'Island history defines modern Mauritius', 20, NULL, '2025-11-24T12:45:07.238Z', '2025-11-24T12:45:07.238Z', NULL, NULL) ON CONFLICT DO NOTHING;
INSERT INTO questions (id, subject_id, level_id, question_type_id, question_text, timer_seconds, display_title, created_at, updated_at, created_by, image_url) VALUES ('109', '1', '1', '1', 'test', 30, NULL, '2025-11-25T05:31:39.078Z', '2025-11-25T05:31:39.078Z', NULL, NULL) ON CONFLICT DO NOTHING;
INSERT INTO questions (id, subject_id, level_id, question_type_id, question_text, timer_seconds, display_title, created_at, updated_at, created_by, image_url) VALUES ('110', '2', '2', '2', 'test', 30, NULL, '2025-11-25T05:35:24.315Z', '2025-11-25T05:35:24.315Z', NULL, NULL) ON CONFLICT DO NOTHING;
INSERT INTO questions (id, subject_id, level_id, question_type_id, question_text, timer_seconds, display_title, created_at, updated_at, created_by, image_url) VALUES ('111', '1', '1', '1', 'What is the capital of Mauritius?', 30, NULL, '2025-12-30T08:05:21.050Z', '2025-12-30T08:05:21.050Z', NULL, NULL) ON CONFLICT DO NOTHING;
INSERT INTO questions (id, subject_id, level_id, question_type_id, question_text, timer_seconds, display_title, created_at, updated_at, created_by, image_url) VALUES ('112', '1', '1', '1', 'In what year did Mauritius gain independence?', 30, NULL, '2025-12-30T08:05:21.050Z', '2025-12-30T08:05:21.050Z', NULL, NULL) ON CONFLICT DO NOTHING;
INSERT INTO questions (id, subject_id, level_id, question_type_id, question_text, timer_seconds, display_title, created_at, updated_at, created_by, image_url) VALUES ('113', '1', '1', '2', 'Match the historical facts', 40, NULL, '2025-12-30T08:05:21.050Z', '2025-12-30T08:05:21.050Z', NULL, NULL) ON CONFLICT DO NOTHING;
INSERT INTO questions (id, subject_id, level_id, question_type_id, question_text, timer_seconds, display_title, created_at, updated_at, created_by, image_url) VALUES ('114', '1', '1', '3', 'The Dodo bird was found in ___', 25, NULL, '2025-12-30T08:05:21.050Z', '2025-12-30T08:05:21.050Z', NULL, NULL) ON CONFLICT DO NOTHING;
INSERT INTO questions (id, subject_id, level_id, question_type_id, question_text, timer_seconds, display_title, created_at, updated_at, created_by, image_url) VALUES ('115', '1', '1', '4', 'Put in Order', 45, NULL, '2025-12-30T08:05:21.050Z', '2025-12-30T08:05:21.050Z', NULL, NULL) ON CONFLICT DO NOTHING;
INSERT INTO questions (id, subject_id, level_id, question_type_id, question_text, timer_seconds, display_title, created_at, updated_at, created_by, image_url) VALUES ('116', '1', '1', '5', 'Mauritius gained independence in 1960', 20, NULL, '2025-12-30T08:05:21.050Z', '2025-12-30T08:05:21.050Z', NULL, NULL) ON CONFLICT DO NOTHING;
INSERT INTO questions (id, subject_id, level_id, question_type_id, question_text, timer_seconds, display_title, created_at, updated_at, created_by, image_url) VALUES ('117', '1', '2', '1', 'What traditional dance is famous in Mauritius?', 30, NULL, '2025-12-30T08:05:21.050Z', '2025-12-30T08:05:21.050Z', NULL, NULL) ON CONFLICT DO NOTHING;
INSERT INTO questions (id, subject_id, level_id, question_type_id, question_text, timer_seconds, display_title, created_at, updated_at, created_by, image_url) VALUES ('118', '1', '2', '1', 'Which year saw the arrival of the French in Mauritius?', 30, NULL, '2025-12-30T08:05:21.050Z', '2025-12-30T08:05:21.050Z', NULL, NULL) ON CONFLICT DO NOTHING;
INSERT INTO questions (id, subject_id, level_id, question_type_id, question_text, timer_seconds, display_title, created_at, updated_at, created_by, image_url) VALUES ('119', '1', '2', '2', 'Match cultural and historical sites', 40, NULL, '2025-12-30T08:05:21.050Z', '2025-12-30T08:05:21.050Z', NULL, NULL) ON CONFLICT DO NOTHING;
INSERT INTO questions (id, subject_id, level_id, question_type_id, question_text, timer_seconds, display_title, created_at, updated_at, created_by, image_url) VALUES ('120', '1', '2', '3', 'Le Morne Brabant is a ___ mountain', 25, NULL, '2025-12-30T08:05:21.050Z', '2025-12-30T08:05:21.050Z', NULL, NULL) ON CONFLICT DO NOTHING;
INSERT INTO questions (id, subject_id, level_id, question_type_id, question_text, timer_seconds, display_title, created_at, updated_at, created_by, image_url) VALUES ('121', '1', '2', '4', 'Put historical periods in order', 45, NULL, '2025-12-30T08:05:21.050Z', '2025-12-30T08:05:21.050Z', NULL, NULL) ON CONFLICT DO NOTHING;
INSERT INTO questions (id, subject_id, level_id, question_type_id, question_text, timer_seconds, display_title, created_at, updated_at, created_by, image_url) VALUES ('122', '1', '2', '5', 'Sugar was never important in Mauritius', 20, NULL, '2025-12-30T08:05:21.050Z', '2025-12-30T08:05:21.050Z', NULL, NULL) ON CONFLICT DO NOTHING;
INSERT INTO questions (id, subject_id, level_id, question_type_id, question_text, timer_seconds, display_title, created_at, updated_at, created_by, image_url) VALUES ('123', '1', '3', '1', 'What is the Aapravasi Ghat?', 35, NULL, '2025-12-30T08:05:21.050Z', '2025-12-30T08:05:21.050Z', NULL, NULL) ON CONFLICT DO NOTHING;
INSERT INTO questions (id, subject_id, level_id, question_type_id, question_text, timer_seconds, display_title, created_at, updated_at, created_by, image_url) VALUES ('124', '1', '3', '1', 'In what year did the Dutch settle?', 35, NULL, '2025-12-30T08:05:21.050Z', '2025-12-30T08:05:21.050Z', NULL, NULL) ON CONFLICT DO NOTHING;
INSERT INTO questions (id, subject_id, level_id, question_type_id, question_text, timer_seconds, display_title, created_at, updated_at, created_by, image_url) VALUES ('125', '1', '3', '2', 'Match advanced historical facts', 40, NULL, '2025-12-30T08:05:21.050Z', '2025-12-30T08:05:21.050Z', NULL, NULL) ON CONFLICT DO NOTHING;
INSERT INTO questions (id, subject_id, level_id, question_type_id, question_text, timer_seconds, display_title, created_at, updated_at, created_by, image_url) VALUES ('126', '1', '3', '3', 'The ___ arrived in 1638', 25, NULL, '2025-12-30T08:05:21.050Z', '2025-12-30T08:05:21.050Z', NULL, NULL) ON CONFLICT DO NOTHING;
INSERT INTO questions (id, subject_id, level_id, question_type_id, question_text, timer_seconds, display_title, created_at, updated_at, created_by, image_url) VALUES ('127', '1', '3', '4', 'Colonial periods in order', 45, NULL, '2025-12-30T08:05:21.050Z', '2025-12-30T08:05:21.050Z', NULL, NULL) ON CONFLICT DO NOTHING;
INSERT INTO questions (id, subject_id, level_id, question_type_id, question_text, timer_seconds, display_title, created_at, updated_at, created_by, image_url) VALUES ('128', '1', '3', '5', 'Mauritius was inhabited before European settlement', 20, NULL, '2025-12-30T08:05:21.050Z', '2025-12-30T08:05:21.050Z', NULL, NULL) ON CONFLICT DO NOTHING;
INSERT INTO questions (id, subject_id, level_id, question_type_id, question_text, timer_seconds, display_title, created_at, updated_at, created_by, image_url) VALUES ('129', '2', '1', '1', 'In which ocean is Mauritius located?', 30, NULL, '2025-12-30T08:05:21.050Z', '2025-12-30T08:05:21.050Z', NULL, NULL) ON CONFLICT DO NOTHING;
INSERT INTO questions (id, subject_id, level_id, question_type_id, question_text, timer_seconds, display_title, created_at, updated_at, created_by, image_url) VALUES ('130', '2', '1', '1', 'What is the capital of Mauritius?', 30, NULL, '2025-12-30T08:05:21.050Z', '2025-12-30T08:05:21.050Z', NULL, NULL) ON CONFLICT DO NOTHING;
INSERT INTO questions (id, subject_id, level_id, question_type_id, question_text, timer_seconds, display_title, created_at, updated_at, created_by, image_url) VALUES ('131', '2', '1', '2', 'Match geography basics', 40, NULL, '2025-12-30T08:05:21.050Z', '2025-12-30T08:05:21.050Z', NULL, NULL) ON CONFLICT DO NOTHING;
INSERT INTO questions (id, subject_id, level_id, question_type_id, question_text, timer_seconds, display_title, created_at, updated_at, created_by, image_url) VALUES ('132', '2', '1', '3', 'Mauritius is surrounded by the ___ Ocean', 25, NULL, '2025-12-30T08:05:21.050Z', '2025-12-30T08:05:21.050Z', NULL, NULL) ON CONFLICT DO NOTHING;
INSERT INTO questions (id, subject_id, level_id, question_type_id, question_text, timer_seconds, display_title, created_at, updated_at, created_by, image_url) VALUES ('133', '2', '1', '4', 'Geographic hierarchy', 45, NULL, '2025-12-30T08:05:21.050Z', '2025-12-30T08:05:21.050Z', NULL, NULL) ON CONFLICT DO NOTHING;
INSERT INTO questions (id, subject_id, level_id, question_type_id, question_text, timer_seconds, display_title, created_at, updated_at, created_by, image_url) VALUES ('134', '2', '1', '5', 'Mauritius is in the Pacific Ocean', 20, NULL, '2025-12-30T08:05:21.050Z', '2025-12-30T08:05:21.050Z', NULL, NULL) ON CONFLICT DO NOTHING;
INSERT INTO questions (id, subject_id, level_id, question_type_id, question_text, timer_seconds, display_title, created_at, updated_at, created_by, image_url) VALUES ('135', '2', '2', '1', 'What is the Seven Colored Earth?', 30, NULL, '2025-12-30T08:05:21.050Z', '2025-12-30T08:05:21.050Z', NULL, NULL) ON CONFLICT DO NOTHING;
INSERT INTO questions (id, subject_id, level_id, question_type_id, question_text, timer_seconds, display_title, created_at, updated_at, created_by, image_url) VALUES ('136', '2', '2', '1', 'Where is the Seven Colored Earth located?', 30, NULL, '2025-12-30T08:05:21.050Z', '2025-12-30T08:05:21.050Z', NULL, NULL) ON CONFLICT DO NOTHING;
INSERT INTO questions (id, subject_id, level_id, question_type_id, question_text, timer_seconds, display_title, created_at, updated_at, created_by, image_url) VALUES ('137', '2', '2', '2', 'Match geographic landmarks', 40, NULL, '2025-12-30T08:05:21.050Z', '2025-12-30T08:05:21.050Z', NULL, NULL) ON CONFLICT DO NOTHING;
INSERT INTO questions (id, subject_id, level_id, question_type_id, question_text, timer_seconds, display_title, created_at, updated_at, created_by, image_url) VALUES ('138', '2', '2', '3', 'The Seven Colored Earth is in ___', 25, NULL, '2025-12-30T08:05:21.050Z', '2025-12-30T08:05:21.050Z', NULL, NULL) ON CONFLICT DO NOTHING;
INSERT INTO questions (id, subject_id, level_id, question_type_id, question_text, timer_seconds, display_title, created_at, updated_at, created_by, image_url) VALUES ('139', '2', '2', '4', 'Geographic regions', 45, NULL, '2025-12-30T08:05:21.050Z', '2025-12-30T08:05:21.050Z', NULL, NULL) ON CONFLICT DO NOTHING;
INSERT INTO questions (id, subject_id, level_id, question_type_id, question_text, timer_seconds, display_title, created_at, updated_at, created_by, image_url) VALUES ('140', '2', '2', '5', 'The Pamplemousses is an ancient temple', 20, NULL, '2025-12-30T08:05:21.050Z', '2025-12-30T08:05:21.050Z', NULL, NULL) ON CONFLICT DO NOTHING;
INSERT INTO questions (id, subject_id, level_id, question_type_id, question_text, timer_seconds, display_title, created_at, updated_at, created_by, image_url) VALUES ('141', '2', '3', '1', 'What is the highest mountain?', 35, NULL, '2025-12-30T08:05:21.050Z', '2025-12-30T08:05:21.050Z', NULL, NULL) ON CONFLICT DO NOTHING;
INSERT INTO questions (id, subject_id, level_id, question_type_id, question_text, timer_seconds, display_title, created_at, updated_at, created_by, image_url) VALUES ('142', '2', '3', '1', 'Which area has the Central Plateau?', 35, NULL, '2025-12-30T08:05:21.050Z', '2025-12-30T08:05:21.050Z', NULL, NULL) ON CONFLICT DO NOTHING;
INSERT INTO questions (id, subject_id, level_id, question_type_id, question_text, timer_seconds, display_title, created_at, updated_at, created_by, image_url) VALUES ('143', '2', '3', '2', 'Match advanced geography', 40, NULL, '2025-12-30T08:05:21.050Z', '2025-12-30T08:05:21.050Z', NULL, NULL) ON CONFLICT DO NOTHING;
INSERT INTO questions (id, subject_id, level_id, question_type_id, question_text, timer_seconds, display_title, created_at, updated_at, created_by, image_url) VALUES ('144', '2', '3', '3', 'The ___ is the main geographic plateau', 25, NULL, '2025-12-30T08:05:21.050Z', '2025-12-30T08:05:21.050Z', NULL, NULL) ON CONFLICT DO NOTHING;
INSERT INTO questions (id, subject_id, level_id, question_type_id, question_text, timer_seconds, display_title, created_at, updated_at, created_by, image_url) VALUES ('145', '2', '3', '4', 'Landscape types', 45, NULL, '2025-12-30T08:05:21.050Z', '2025-12-30T08:05:21.050Z', NULL, NULL) ON CONFLICT DO NOTHING;
INSERT INTO questions (id, subject_id, level_id, question_type_id, question_text, timer_seconds, display_title, created_at, updated_at, created_by, image_url) VALUES ('146', '2', '3', '5', 'Mauritius has no mountains', 20, NULL, '2025-12-30T08:05:21.050Z', '2025-12-30T08:05:21.050Z', NULL, NULL) ON CONFLICT DO NOTHING;
INSERT INTO questions (id, subject_id, level_id, question_type_id, question_text, timer_seconds, display_title, created_at, updated_at, created_by, image_url) VALUES ('147', '3', '1', '1', 'Mauritius is in the ___ Ocean and gained independence in ___', 30, NULL, '2025-12-30T08:05:21.050Z', '2025-12-30T08:05:21.050Z', NULL, NULL) ON CONFLICT DO NOTHING;
INSERT INTO questions (id, subject_id, level_id, question_type_id, question_text, timer_seconds, display_title, created_at, updated_at, created_by, image_url) VALUES ('148', '3', '1', '1', 'What is unique about the Dodo bird?', 30, NULL, '2025-12-30T08:05:21.050Z', '2025-12-30T08:05:21.050Z', NULL, NULL) ON CONFLICT DO NOTHING;
INSERT INTO questions (id, subject_id, level_id, question_type_id, question_text, timer_seconds, display_title, created_at, updated_at, created_by, image_url) VALUES ('149', '3', '1', '2', 'Match combined facts', 40, NULL, '2025-12-30T08:05:21.050Z', '2025-12-30T08:05:21.050Z', NULL, NULL) ON CONFLICT DO NOTHING;
INSERT INTO questions (id, subject_id, level_id, question_type_id, question_text, timer_seconds, display_title, created_at, updated_at, created_by, image_url) VALUES ('150', '3', '1', '3', '___ is the capital in the Indian Ocean', 25, NULL, '2025-12-30T08:05:21.050Z', '2025-12-30T08:05:21.050Z', NULL, NULL) ON CONFLICT DO NOTHING;
INSERT INTO questions (id, subject_id, level_id, question_type_id, question_text, timer_seconds, display_title, created_at, updated_at, created_by, image_url) VALUES ('151', '3', '1', '4', 'Historical timeline', 45, NULL, '2025-12-30T08:05:21.050Z', '2025-12-30T08:05:21.050Z', NULL, NULL) ON CONFLICT DO NOTHING;
INSERT INTO questions (id, subject_id, level_id, question_type_id, question_text, timer_seconds, display_title, created_at, updated_at, created_by, image_url) VALUES ('152', '3', '1', '5', 'Mauritius is a large continent', 20, NULL, '2025-12-30T08:05:21.050Z', '2025-12-30T08:05:21.050Z', NULL, NULL) ON CONFLICT DO NOTHING;
INSERT INTO questions (id, subject_id, level_id, question_type_id, question_text, timer_seconds, display_title, created_at, updated_at, created_by, image_url) VALUES ('153', '3', '2', '1', 'Aapravasi Ghat and Le Morne are UNESCO sites', 30, NULL, '2025-12-30T08:05:21.050Z', '2025-12-30T08:05:21.050Z', NULL, NULL) ON CONFLICT DO NOTHING;
INSERT INTO questions (id, subject_id, level_id, question_type_id, question_text, timer_seconds, display_title, created_at, updated_at, created_by, image_url) VALUES ('154', '3', '2', '1', 'What connects history and geography?', 30, NULL, '2025-12-30T08:05:21.050Z', '2025-12-30T08:05:21.050Z', NULL, NULL) ON CONFLICT DO NOTHING;
INSERT INTO questions (id, subject_id, level_id, question_type_id, question_text, timer_seconds, display_title, created_at, updated_at, created_by, image_url) VALUES ('155', '3', '2', '2', 'Match history and geography', 40, NULL, '2025-12-30T08:05:21.050Z', '2025-12-30T08:05:21.050Z', NULL, NULL) ON CONFLICT DO NOTHING;
INSERT INTO questions (id, subject_id, level_id, question_type_id, question_text, timer_seconds, display_title, created_at, updated_at, created_by, image_url) VALUES ('156', '3', '2', '3', 'Sega is a traditional ___ of Mauritius', 25, NULL, '2025-12-30T08:05:21.050Z', '2025-12-30T08:05:21.050Z', NULL, NULL) ON CONFLICT DO NOTHING;
INSERT INTO questions (id, subject_id, level_id, question_type_id, question_text, timer_seconds, display_title, created_at, updated_at, created_by, image_url) VALUES ('157', '3', '2', '4', 'Development timeline', 45, NULL, '2025-12-30T08:05:21.050Z', '2025-12-30T08:05:21.050Z', NULL, NULL) ON CONFLICT DO NOTHING;
INSERT INTO questions (id, subject_id, level_id, question_type_id, question_text, timer_seconds, display_title, created_at, updated_at, created_by, image_url) VALUES ('158', '3', '2', '5', 'Mauritius has diverse landscapes', 20, NULL, '2025-12-30T08:05:21.050Z', '2025-12-30T08:05:21.050Z', NULL, NULL) ON CONFLICT DO NOTHING;
INSERT INTO questions (id, subject_id, level_id, question_type_id, question_text, timer_seconds, display_title, created_at, updated_at, created_by, image_url) VALUES ('159', '3', '3', '1', 'The Dutch settlement in 1638 shaped geography', 35, NULL, '2025-12-30T08:05:21.050Z', '2025-12-30T08:05:21.050Z', NULL, NULL) ON CONFLICT DO NOTHING;
INSERT INTO questions (id, subject_id, level_id, question_type_id, question_text, timer_seconds, display_title, created_at, updated_at, created_by, image_url) VALUES ('160', '3', '3', '1', 'UNESCO heritage and island identity', 35, NULL, '2025-12-30T08:05:21.050Z', '2025-12-30T08:05:21.050Z', NULL, NULL) ON CONFLICT DO NOTHING;
INSERT INTO questions (id, subject_id, level_id, question_type_id, question_text, timer_seconds, display_title, created_at, updated_at, created_by, image_url) VALUES ('161', '3', '3', '2', 'Match complex history-geography', 40, NULL, '2025-12-30T08:05:21.050Z', '2025-12-30T08:05:21.050Z', NULL, NULL) ON CONFLICT DO NOTHING;
INSERT INTO questions (id, subject_id, level_id, question_type_id, question_text, timer_seconds, display_title, created_at, updated_at, created_by, image_url) VALUES ('162', '3', '3', '3', 'Colonial periods shaped ___ and culture', 25, NULL, '2025-12-30T08:05:21.050Z', '2025-12-30T08:05:21.050Z', NULL, NULL) ON CONFLICT DO NOTHING;
INSERT INTO questions (id, subject_id, level_id, question_type_id, question_text, timer_seconds, display_title, created_at, updated_at, created_by, image_url) VALUES ('163', '3', '3', '4', 'Complex timeline', 45, NULL, '2025-12-30T08:05:21.050Z', '2025-12-30T08:05:21.050Z', NULL, NULL) ON CONFLICT DO NOTHING;
INSERT INTO questions (id, subject_id, level_id, question_type_id, question_text, timer_seconds, display_title, created_at, updated_at, created_by, image_url) VALUES ('164', '3', '3', '5', 'Island history defines modern Mauritius', 20, NULL, '2025-12-30T08:05:21.050Z', '2025-12-30T08:05:21.050Z', NULL, NULL) ON CONFLICT DO NOTHING;

-- Table mcq_options: No data

-- Table matching_pairs: No data

-- Table fill_answers: No data

-- Table reorder_items: No data

-- Table truefalse_answers: No data

-- Table: user_profiles (2 rows)
INSERT INTO user_profiles (id, email, full_name, phone_number, avatar_url, auth_provider, created_at, updated_at) VALUES ('1b9f6341-dceb-4420-8aa7-40dcd4313a03', 'mypc2047.ap@gmail.com', 'my pc', NULL, 'https://lh3.googleusercontent.com/a/ACg8ocIEERijgBhGjJN_l40TDWrwMOHWwp2Y5pAqrfBZvLVEO3EARw=s96-c', 'google', '2026-01-07T19:18:09.027Z', '2026-01-07T19:18:09.027Z') ON CONFLICT DO NOTHING;
INSERT INTO user_profiles (id, email, full_name, phone_number, avatar_url, auth_provider, created_at, updated_at) VALUES ('4563020d-0af3-4c03-982c-c28f45a93c77', 'testabc@gmail.com', 'test', '+23057995625', NULL, 'email', '2026-01-07T20:04:17.145Z', '2026-01-07T20:04:17.145Z') ON CONFLICT DO NOTHING;

-- Table leaderboard: No data

